{
    "bindings": [
        {
            "font": "{405c8d75-cb67-41a9-84c2-45e91fad17ec}",
            "language": "{69a44dab-2134-48b6-af42-09bf0f36d9a3}",
            "string": "{49c5ca77-f5af-4ae0-88ab-12cb5dd19fcb}"
        },
        {
            "font": "{405c8d75-cb67-41a9-84c2-45e91fad17ec}",
            "language": "{69a44dab-2134-48b6-af42-09bf0f36d9a3}",
            "string": "{53fec8e3-a458-4f79-8141-63c443ad8989}"
        },
        {
            "font": "{405c8d75-cb67-41a9-84c2-45e91fad17ec}",
            "language": "{69a44dab-2134-48b6-af42-09bf0f36d9a3}",
            "string": "{5f0681a4-5bad-4410-becf-2cca707ab460}"
        }
    ],
    "defaultLanguage": "{69a44dab-2134-48b6-af42-09bf0f36d9a3}",
    "encoding": "ASCII",
    "languages": [
        {
            "properties": {
                "__categories": [
                ],
                "__groups": [
                ],
                "enabled": {
                    "enabled": true,
                    "type": "boolean",
                    "value": true,
                    "visible": true
                },
                "id": {
                    "enabled": true,
                    "type": "uuid",
                    "value": "{69a44dab-2134-48b6-af42-09bf0f36d9a3}",
                    "visible": true
                },
                "name": {
                    "enabled": true,
                    "type": "text",
                    "value": "Default",
                    "visible": true
                }
            }
        }
    ],
    "paths": [
    ],
    "strings": [
        {
            "properties": {
                "__categories": [
                ],
                "__groups": [
                ],
                "description": {
                    "enabled": true,
                    "type": "text",
                    "value": "",
                    "visible": true
                },
                "id": {
                    "enabled": true,
                    "type": "uuid",
                    "value": "{49c5ca77-f5af-4ae0-88ab-12cb5dd19fcb}",
                    "visible": true
                },
                "name": {
                    "enabled": true,
                    "type": "text",
                    "value": "Easy",
                    "visible": true
                },
                "path": {
                    "enabled": true,
                    "type": "text",
                    "value": "/",
                    "visible": true
                }
            },
            "values": [
                {
                    "language": "{69a44dab-2134-48b6-af42-09bf0f36d9a3}",
                    "value": "Easy."
                }
            ]
        },
        {
            "properties": {
                "__categories": [
                ],
                "__groups": [
                ],
                "description": {
                    "enabled": true,
                    "type": "text",
                    "value": "",
                    "visible": true
                },
                "id": {
                    "enabled": true,
                    "type": "uuid",
                    "value": "{53fec8e3-a458-4f79-8141-63c443ad8989}",
                    "visible": true
                },
                "name": {
                    "enabled": true,
                    "type": "text",
                    "value": "Smart",
                    "visible": true
                },
                "path": {
                    "enabled": true,
                    "type": "text",
                    "value": "/",
                    "visible": true
                }
            },
            "values": [
                {
                    "language": "{69a44dab-2134-48b6-af42-09bf0f36d9a3}",
                    "value": "Smart."
                }
            ]
        },
        {
            "properties": {
                "__categories": [
                ],
                "__groups": [
                ],
                "description": {
                    "enabled": true,
                    "type": "text",
                    "value": "",
                    "visible": true
                },
                "id": {
                    "enabled": true,
                    "type": "uuid",
                    "value": "{5f0681a4-5bad-4410-becf-2cca707ab460}",
                    "visible": true
                },
                "name": {
                    "enabled": true,
                    "type": "text",
                    "value": "Fast",
                    "visible": true
                },
                "path": {
                    "enabled": true,
                    "type": "text",
                    "value": "/",
                    "visible": true
                }
            },
            "values": [
                {
                    "language": "{69a44dab-2134-48b6-af42-09bf0f36d9a3}",
                    "value": "Fast."
                }
            ]
        }
    ]
}
