{
    "bindings": [
        {
            "font": "{00186718-adc7-4c31-9b8c-4215956fee2a}",
            "language": "{97f84028-c525-49c0-b1a2-b7a5091c44c0}",
            "string": "{f07dd0fb-a0ad-4c05-8501-f1ecab7407b4}"
        },
        {
            "font": "{1985220a-2c3d-4ce4-9813-1b9e118247ca}",
            "language": "{97f84028-c525-49c0-b1a2-b7a5091c44c0}",
            "string": "{3cd3b53d-b618-4321-b855-2106a9126838}"
        },
        {
            "font": "{1985220a-2c3d-4ce4-9813-1b9e118247ca}",
            "language": "{97f84028-c525-49c0-b1a2-b7a5091c44c0}",
            "string": "{90a791f9-6a52-4790-b251-25151d5bfc71}"
        },
        {
            "font": "{35663737-b898-4677-acd9-f1366a89ee93}",
            "language": "{97f84028-c525-49c0-b1a2-b7a5091c44c0}",
            "string": "{14bf6f44-98df-42d4-84af-e0100a4cbe8c}"
        },
        {
            "font": "{da0455f0-57bc-4830-9bff-721fbe2da762}",
            "language": "{97f84028-c525-49c0-b1a2-b7a5091c44c0}",
            "string": "{16efcb93-ac01-4f29-9325-61080c1b351b}"
        },
        {
            "font": "{35663737-b898-4677-acd9-f1366a89ee93}",
            "language": "{97f84028-c525-49c0-b1a2-b7a5091c44c0}",
            "string": "{58c654e3-ee4a-4608-8e10-f866ca05bfd7}"
        },
        {
            "font": "{35663737-b898-4677-acd9-f1366a89ee93}",
            "language": "{97f84028-c525-49c0-b1a2-b7a5091c44c0}",
            "string": "{59709495-887c-4a70-b035-621ffa5c483f}"
        },
        {
            "font": "{35663737-b898-4677-acd9-f1366a89ee93}",
            "language": "{97f84028-c525-49c0-b1a2-b7a5091c44c0}",
            "string": "{6f7ee68e-d281-44cc-b93d-527079d2c8da}"
        },
        {
            "font": "{35663737-b898-4677-acd9-f1366a89ee93}",
            "language": "{97f84028-c525-49c0-b1a2-b7a5091c44c0}",
            "string": "{8fb09fc1-919e-4009-bd71-4425b691e4dd}"
        },
        {
            "font": "{bb28c73c-5164-44ef-acb6-4534e3f2ac5e}",
            "language": "{97f84028-c525-49c0-b1a2-b7a5091c44c0}",
            "string": "{99083a22-e534-4d7e-90c8-73e2dfd879a8}"
        },
        {
            "font": "{35663737-b898-4677-acd9-f1366a89ee93}",
            "language": "{97f84028-c525-49c0-b1a2-b7a5091c44c0}",
            "string": "{d448df58-6197-4c76-bd42-167de93ef8bc}"
        },
        {
            "font": "{35663737-b898-4677-acd9-f1366a89ee93}",
            "language": "{97f84028-c525-49c0-b1a2-b7a5091c44c0}",
            "string": "{d543f1b3-ceb6-4fd6-b04f-40f1653bb8c9}"
        },
        {
            "font": "{35663737-b898-4677-acd9-f1366a89ee93}",
            "language": "{97f84028-c525-49c0-b1a2-b7a5091c44c0}",
            "string": "{dae3880e-35ea-4181-b565-85eae8270685}"
        },
        {
            "font": "{35663737-b898-4677-acd9-f1366a89ee93}",
            "language": "{97f84028-c525-49c0-b1a2-b7a5091c44c0}",
            "string": "{dcdba122-d5b8-4e8b-92a1-d20fbd738146}"
        },
        {
            "font": "{da0455f0-57bc-4830-9bff-721fbe2da762}",
            "language": "{97f84028-c525-49c0-b1a2-b7a5091c44c0}",
            "string": "{215fa9e1-600a-49cf-9794-931edc494092}"
        },
        {
            "font": "{da0455f0-57bc-4830-9bff-721fbe2da762}",
            "language": "{97f84028-c525-49c0-b1a2-b7a5091c44c0}",
            "string": "{264c669a-7388-4d4c-8380-884c7602430d}"
        },
        {
            "font": "{da0455f0-57bc-4830-9bff-721fbe2da762}",
            "language": "{97f84028-c525-49c0-b1a2-b7a5091c44c0}",
            "string": "{5e937996-5171-4492-9e95-3d0ec1f02531}"
        },
        {
            "font": "{da0455f0-57bc-4830-9bff-721fbe2da762}",
            "language": "{97f84028-c525-49c0-b1a2-b7a5091c44c0}",
            "string": "{97e63a55-0931-408f-9f8a-dd480d1180f7}"
        }
    ],
    "defaultLanguage": "{97f84028-c525-49c0-b1a2-b7a5091c44c0}",
    "encoding": "ASCII",
    "languages": [
        {
            "properties": {
                "__categories": [
                ],
                "__groups": [
                ],
                "enabled": {
                    "enabled": true,
                    "type": "boolean",
                    "value": true,
                    "visible": true
                },
                "id": {
                    "enabled": true,
                    "type": "uuid",
                    "value": "{97f84028-c525-49c0-b1a2-b7a5091c44c0}",
                    "visible": true
                },
                "name": {
                    "enabled": true,
                    "type": "text",
                    "value": "Default",
                    "visible": true
                }
            }
        }
    ],
    "paths": [
    ],
    "strings": [
        {
            "properties": {
                "__categories": [
                ],
                "__groups": [
                ],
                "description": {
                    "enabled": true,
                    "type": "text",
                    "value": "",
                    "visible": true
                },
                "id": {
                    "enabled": true,
                    "type": "uuid",
                    "value": "{14bf6f44-98df-42d4-84af-e0100a4cbe8c}",
                    "visible": true
                },
                "name": {
                    "enabled": true,
                    "type": "text",
                    "value": "CelsString",
                    "visible": true
                },
                "path": {
                    "enabled": true,
                    "type": "text",
                    "value": "/",
                    "visible": true
                }
            },
            "values": [
                {
                    "language": "{97f84028-c525-49c0-b1a2-b7a5091c44c0}",
                    "value": "ºC"
                }
            ]
        },
        {
            "properties": {
                "__categories": [
                ],
                "__groups": [
                ],
                "description": {
                    "enabled": true,
                    "type": "text",
                    "value": "",
                    "visible": true
                },
                "id": {
                    "enabled": true,
                    "type": "uuid",
                    "value": "{16efcb93-ac01-4f29-9325-61080c1b351b}",
                    "visible": true
                },
                "name": {
                    "enabled": true,
                    "type": "text",
                    "value": "UnlockText",
                    "visible": true
                },
                "path": {
                    "enabled": true,
                    "type": "text",
                    "value": "/",
                    "visible": true
                }
            },
            "values": [
                {
                    "language": "{97f84028-c525-49c0-b1a2-b7a5091c44c0}",
                    "value": "Draw 'S' to\\nunlock"
                }
            ]
        },
        {
            "properties": {
                "__categories": [
                ],
                "__groups": [
                ],
                "description": {
                    "enabled": true,
                    "type": "text",
                    "value": "",
                    "visible": true
                },
                "id": {
                    "enabled": true,
                    "type": "uuid",
                    "value": "{215fa9e1-600a-49cf-9794-931edc494092}",
                    "visible": true
                },
                "name": {
                    "enabled": true,
                    "type": "text",
                    "value": "ReverseString",
                    "visible": true
                },
                "path": {
                    "enabled": true,
                    "type": "text",
                    "value": "/",
                    "visible": true
                }
            },
            "values": [
                {
                    "language": "{97f84028-c525-49c0-b1a2-b7a5091c44c0}",
                    "value": "r"
                }
            ]
        },
        {
            "properties": {
                "__categories": [
                ],
                "__groups": [
                ],
                "description": {
                    "enabled": true,
                    "type": "text",
                    "value": "",
                    "visible": true
                },
                "id": {
                    "enabled": true,
                    "type": "uuid",
                    "value": "{264c669a-7388-4d4c-8380-884c7602430d}",
                    "visible": true
                },
                "name": {
                    "enabled": true,
                    "type": "text",
                    "value": "MinsString",
                    "visible": true
                },
                "path": {
                    "enabled": true,
                    "type": "text",
                    "value": "/",
                    "visible": true
                }
            },
            "values": [
                {
                    "language": "{97f84028-c525-49c0-b1a2-b7a5091c44c0}",
                    "value": "min"
                }
            ]
        },
        {
            "properties": {
                "__categories": [
                ],
                "__groups": [
                ],
                "description": {
                    "enabled": true,
                    "type": "text",
                    "value": "",
                    "visible": true
                },
                "id": {
                    "enabled": true,
                    "type": "uuid",
                    "value": "{3cd3b53d-b618-4321-b855-2106a9126838}",
                    "visible": true
                },
                "name": {
                    "enabled": true,
                    "type": "text",
                    "value": "DefaultTempString",
                    "visible": true
                },
                "path": {
                    "enabled": true,
                    "type": "text",
                    "value": "/",
                    "visible": true
                }
            },
            "values": [
                {
                    "language": "{97f84028-c525-49c0-b1a2-b7a5091c44c0}",
                    "value": "90"
                }
            ]
        },
        {
            "properties": {
                "__categories": [
                ],
                "__groups": [
                ],
                "description": {
                    "enabled": true,
                    "type": "text",
                    "value": "",
                    "visible": true
                },
                "id": {
                    "enabled": true,
                    "type": "uuid",
                    "value": "{58c654e3-ee4a-4608-8e10-f866ca05bfd7}",
                    "visible": true
                },
                "name": {
                    "enabled": true,
                    "type": "text",
                    "value": "StarString",
                    "visible": true
                },
                "path": {
                    "enabled": true,
                    "type": "text",
                    "value": "/",
                    "visible": true
                }
            },
            "values": [
                {
                    "language": "{97f84028-c525-49c0-b1a2-b7a5091c44c0}",
                    "value": "*"
                }
            ]
        },
        {
            "properties": {
                "__categories": [
                ],
                "__groups": [
                ],
                "description": {
                    "enabled": true,
                    "type": "text",
                    "value": "",
                    "visible": true
                },
                "id": {
                    "enabled": true,
                    "type": "uuid",
                    "value": "{59709495-887c-4a70-b035-621ffa5c483f}",
                    "visible": true
                },
                "name": {
                    "enabled": true,
                    "type": "text",
                    "value": "MString",
                    "visible": true
                },
                "path": {
                    "enabled": true,
                    "type": "text",
                    "value": "/",
                    "visible": true
                }
            },
            "values": [
                {
                    "language": "{97f84028-c525-49c0-b1a2-b7a5091c44c0}",
                    "value": "M"
                }
            ]
        },
        {
            "properties": {
                "__categories": [
                ],
                "__groups": [
                ],
                "description": {
                    "enabled": true,
                    "type": "text",
                    "value": "",
                    "visible": true
                },
                "id": {
                    "enabled": true,
                    "type": "uuid",
                    "value": "{5e937996-5171-4492-9e95-3d0ec1f02531}",
                    "visible": true
                },
                "name": {
                    "enabled": true,
                    "type": "text",
                    "value": "LightingString",
                    "visible": true
                },
                "path": {
                    "enabled": true,
                    "type": "text",
                    "value": "/",
                    "visible": true
                }
            },
            "values": [
                {
                    "language": "{97f84028-c525-49c0-b1a2-b7a5091c44c0}",
                    "value": "Lighting"
                }
            ]
        },
        {
            "properties": {
                "__categories": [
                ],
                "__groups": [
                ],
                "description": {
                    "enabled": true,
                    "type": "text",
                    "value": "",
                    "visible": true
                },
                "id": {
                    "enabled": true,
                    "type": "uuid",
                    "value": "{6f7ee68e-d281-44cc-b93d-527079d2c8da}",
                    "visible": true
                },
                "name": {
                    "enabled": true,
                    "type": "text",
                    "value": "TwoString",
                    "visible": true
                },
                "path": {
                    "enabled": true,
                    "type": "text",
                    "value": "/",
                    "visible": true
                }
            },
            "values": [
                {
                    "language": "{97f84028-c525-49c0-b1a2-b7a5091c44c0}",
                    "value": "2"
                }
            ]
        },
        {
            "properties": {
                "__categories": [
                ],
                "__groups": [
                ],
                "description": {
                    "enabled": true,
                    "type": "text",
                    "value": "",
                    "visible": true
                },
                "id": {
                    "enabled": true,
                    "type": "uuid",
                    "value": "{8fb09fc1-919e-4009-bd71-4425b691e4dd}",
                    "visible": true
                },
                "name": {
                    "enabled": true,
                    "type": "text",
                    "value": "CheckString",
                    "visible": true
                },
                "path": {
                    "enabled": true,
                    "type": "text",
                    "value": "/",
                    "visible": true
                }
            },
            "values": [
                {
                    "language": "{97f84028-c525-49c0-b1a2-b7a5091c44c0}",
                    "value": "/"
                }
            ]
        },
        {
            "properties": {
                "__categories": [
                ],
                "__groups": [
                ],
                "description": {
                    "enabled": true,
                    "type": "text",
                    "value": "",
                    "visible": true
                },
                "id": {
                    "enabled": true,
                    "type": "uuid",
                    "value": "{90a791f9-6a52-4790-b251-25151d5bfc71}",
                    "visible": true
                },
                "name": {
                    "enabled": true,
                    "type": "text",
                    "value": "DefaultPercentString",
                    "visible": true
                },
                "path": {
                    "enabled": true,
                    "type": "text",
                    "value": "/",
                    "visible": true
                }
            },
            "values": [
                {
                    "language": "{97f84028-c525-49c0-b1a2-b7a5091c44c0}",
                    "value": "100"
                }
            ]
        },
        {
            "properties": {
                "__categories": [
                ],
                "__groups": [
                ],
                "description": {
                    "enabled": true,
                    "type": "text",
                    "value": "",
                    "visible": true
                },
                "id": {
                    "enabled": true,
                    "type": "uuid",
                    "value": "{97e63a55-0931-408f-9f8a-dd480d1180f7}",
                    "visible": true
                },
                "name": {
                    "enabled": true,
                    "type": "text",
                    "value": "SecString",
                    "visible": true
                },
                "path": {
                    "enabled": true,
                    "type": "text",
                    "value": "/",
                    "visible": true
                }
            },
            "values": [
                {
                    "language": "{97f84028-c525-49c0-b1a2-b7a5091c44c0}",
                    "value": "sec"
                }
            ]
        },
        {
            "properties": {
                "__categories": [
                ],
                "__groups": [
                ],
                "description": {
                    "enabled": true,
                    "type": "text",
                    "value": "",
                    "visible": true
                },
                "id": {
                    "enabled": true,
                    "type": "uuid",
                    "value": "{99083a22-e534-4d7e-90c8-73e2dfd879a8}",
                    "visible": true
                },
                "name": {
                    "enabled": true,
                    "type": "text",
                    "value": "DefaultMinsValueString",
                    "visible": true
                },
                "path": {
                    "enabled": true,
                    "type": "text",
                    "value": "/",
                    "visible": true
                }
            },
            "values": [
                {
                    "language": "{97f84028-c525-49c0-b1a2-b7a5091c44c0}",
                    "value": "59"
                }
            ]
        },
        {
            "properties": {
                "__categories": [
                ],
                "__groups": [
                ],
                "description": {
                    "enabled": true,
                    "type": "text",
                    "value": "",
                    "visible": true
                },
                "id": {
                    "enabled": true,
                    "type": "uuid",
                    "value": "{d448df58-6197-4c76-bd42-167de93ef8bc}",
                    "visible": true
                },
                "name": {
                    "enabled": true,
                    "type": "text",
                    "value": "SString",
                    "visible": true
                },
                "path": {
                    "enabled": true,
                    "type": "text",
                    "value": "/",
                    "visible": true
                }
            },
            "values": [
                {
                    "language": "{97f84028-c525-49c0-b1a2-b7a5091c44c0}",
                    "value": "S"
                }
            ]
        },
        {
            "properties": {
                "__categories": [
                ],
                "__groups": [
                ],
                "description": {
                    "enabled": true,
                    "type": "text",
                    "value": "",
                    "visible": true
                },
                "id": {
                    "enabled": true,
                    "type": "uuid",
                    "value": "{d543f1b3-ceb6-4fd6-b04f-40f1653bb8c9}",
                    "visible": true
                },
                "name": {
                    "enabled": true,
                    "type": "text",
                    "value": "AlphaString",
                    "visible": true
                },
                "path": {
                    "enabled": true,
                    "type": "text",
                    "value": "/",
                    "visible": true
                }
            },
            "values": [
                {
                    "language": "{97f84028-c525-49c0-b1a2-b7a5091c44c0}",
                    "value": "α"
                }
            ]
        },
        {
            "properties": {
                "__categories": [
                ],
                "__groups": [
                ],
                "description": {
                    "enabled": true,
                    "type": "text",
                    "value": "",
                    "visible": true
                },
                "id": {
                    "enabled": true,
                    "type": "uuid",
                    "value": "{dae3880e-35ea-4181-b565-85eae8270685}",
                    "visible": true
                },
                "name": {
                    "enabled": true,
                    "type": "text",
                    "value": "PercentSign",
                    "visible": true
                },
                "path": {
                    "enabled": true,
                    "type": "text",
                    "value": "/",
                    "visible": true
                }
            },
            "values": [
                {
                    "language": "{97f84028-c525-49c0-b1a2-b7a5091c44c0}",
                    "value": "%"
                }
            ]
        },
        {
            "properties": {
                "__categories": [
                ],
                "__groups": [
                ],
                "description": {
                    "enabled": true,
                    "type": "text",
                    "value": "",
                    "visible": true
                },
                "id": {
                    "enabled": true,
                    "type": "uuid",
                    "value": "{dcdba122-d5b8-4e8b-92a1-d20fbd738146}",
                    "visible": true
                },
                "name": {
                    "enabled": true,
                    "type": "text",
                    "value": "FahrString",
                    "visible": true
                },
                "path": {
                    "enabled": true,
                    "type": "text",
                    "value": "/",
                    "visible": true
                }
            },
            "values": [
                {
                    "language": "{97f84028-c525-49c0-b1a2-b7a5091c44c0}",
                    "value": "ºF"
                }
            ]
        },
        {
            "properties": {
                "__categories": [
                ],
                "__groups": [
                ],
                "description": {
                    "enabled": true,
                    "type": "text",
                    "value": "",
                    "visible": true
                },
                "id": {
                    "enabled": true,
                    "type": "uuid",
                    "value": "{f07dd0fb-a0ad-4c05-8501-f1ecab7407b4}",
                    "visible": true
                },
                "name": {
                    "enabled": true,
                    "type": "text",
                    "value": "DefaultSecsValueString",
                    "visible": true
                },
                "path": {
                    "enabled": true,
                    "type": "text",
                    "value": "/",
                    "visible": true
                }
            },
            "values": [
                {
                    "language": "{97f84028-c525-49c0-b1a2-b7a5091c44c0}",
                    "value": "59"
                }
            ]
        }
    ]
}
