{
    "images": [
        {
            "id": "{a5de053b-3322-4dc3-a497-de417b55e1a0}",
            "name": "MHGS_logo_small_compressed_palette",
            "type": "Palette"
        },
        {
            "id": "{2aec9054-12fa-4f6f-99d8-c65326205e4b}",
            "name": "QuickstartDown_WQVGA",
            "type": "RGB"
        },
        {
            "id": "{fec60da2-1433-4aa9-b59e-4eb78687fd4c}",
            "name": "QuickstartUp_WQVGA",
            "type": "RGB"
        },
        {
            "id": "{fd21f8d9-e04b-424a-b13d-1b367fd128f2}",
            "name": "MHGS_logo_smaller",
            "type": "RGB"
        },
        {
            "id": "{69e955da-8fbc-4457-8d89-37e8933bbc60}",
            "name": "mchpLogo_small",
            "type": "RGB"
        },
        {
            "id": "{23c7c9e5-a096-4384-a2e9-3024845f7796}",
            "name": "MHGS_logo_small_256_colors",
            "type": "RGB"
        },
        {
            "id": "{cae222b3-656a-4f46-a207-68a581f3b994}",
            "name": "LogoImage",
            "type": "RGB"
        },
        {
            "id": "{d2597876-4841-4364-b739-a41a3c59e073}",
            "name": "Home565Gray",
            "type": "RGB"
        },
        {
            "id": "{dcbd4e8f-1a31-41c4-814d-3eae52221bec}",
            "name": "MHGS_logo_small_raw",
            "type": "RGB"
        },
        {
            "id": "{31975359-5b81-4f36-a45b-ea42def0736f}",
            "name": "MHGS_logo_small_compressed",
            "type": "Index"
        },
        {
            "id": "{89c9f568-3894-42d3-89e1-13252480ba44}",
            "name": "MHGS_logo_small_jpeg",
            "type": "RGB"
        },
        {
            "id": "{48919d67-54c4-4d42-960b-f59f6b8601a6}",
            "name": "MHGS_logo_small_png",
            "type": "RGB"
        },
        {
            "id": "{4016d377-2bdf-439f-8690-6a2809de0296}",
            "name": "MHGS_logo_small_rle",
            "type": "RGB"
        }
    ],
    "paths": [
    ]
}
