{
    "properties": {
        "__categories": [
            {
                "expanded": true,
                "id": "imageProperties",
                "visible": true
            }
        ],
        "__groups": [
            {
                "expanded": false,
                "id": "preprocessGroup",
                "visible": false
            }
        ],
        "id": {
            "enabled": true,
            "type": "uuid",
            "value": "{72ae9b44-ced5-490b-b56f-83b211977700}",
            "visible": true
        },
        "memoryLocation": {
            "enabled": true,
            "type": "memorylocation",
            "value": "{6765e5b4-2df7-47f8-bba0-59c023895870}",
            "visible": true
        },
        "name": {
            "enabled": true,
            "type": "text",
            "value": "",
            "visible": true
        },
        "originalType": {
            "enabled": true,
            "type": "integer",
            "value": 0,
            "visible": true
        },
        "outputFormat": {
            "enabled": true,
            "type": "combo",
            "value": 0,
            "visible": true
        },
        "outputHeight": {
            "enabled": false,
            "type": "integer",
            "value": 74,
            "visible": true
        },
        "outputName": {
            "enabled": true,
            "type": "text",
            "value": "QuickstartDown_WQVGA",
            "visible": true
        },
        "outputWidth": {
            "enabled": false,
            "type": "integer",
            "value": 160,
            "visible": true
        },
        "preprocess": {
            "enabled": true,
            "type": "boolean",
            "value": false,
            "visible": true
        },
        "preprocessColorMode": {
            "enabled": true,
            "type": "combo",
            "value": 5,
            "visible": true
        },
        "preprocessLocation": {
            "enabled": true,
            "type": "memorylocation",
            "value": "",
            "visible": true
        },
        "sourceBPP": {
            "enabled": false,
            "type": "integer",
            "value": 24,
            "visible": true
        },
        "sourceFormat": {
            "enabled": false,
            "type": "text",
            "value": "bmp",
            "visible": true
        },
        "sourceHeight": {
            "enabled": false,
            "type": "integer",
            "value": 74,
            "visible": true
        },
        "sourceName": {
            "enabled": false,
            "type": "text",
            "value": "QuickstartDown_WQVGA",
            "visible": true
        },
        "sourceSize": {
            "enabled": false,
            "type": "integer",
            "value": 35574,
            "visible": true
        },
        "sourceWidth": {
            "enabled": false,
            "type": "integer",
            "value": 160,
            "visible": true
        }
    }
}
