{
    "bindings": [
        {
            "font": "{3331177a-ed91-4256-af79-0a08c777a285}",
            "language": "{97f84028-c525-49c0-b1a2-b7a5091c44c0}",
            "string": "{15b3ff08-4728-4e8a-934e-13a885c9b719}"
        },
        {
            "font": "{3331177a-ed91-4256-af79-0a08c777a285}",
            "language": "{97f84028-c525-49c0-b1a2-b7a5091c44c0}",
            "string": "{61b58aee-ac5a-49a8-ab8c-1fb52cc87e05}"
        },
        {
            "font": "{3331177a-ed91-4256-af79-0a08c777a285}",
            "language": "{97f84028-c525-49c0-b1a2-b7a5091c44c0}",
            "string": "{ab377fe0-87e2-4346-b85a-e7fbd421e3d2}"
        }
    ],
    "defaultLanguage": "{97f84028-c525-49c0-b1a2-b7a5091c44c0}",
    "encoding": "ASCII",
    "languages": [
        {
            "properties": {
                "__categories": [
                ],
                "__groups": [
                ],
                "enabled": {
                    "enabled": true,
                    "type": "boolean",
                    "value": true,
                    "visible": true
                },
                "id": {
                    "enabled": true,
                    "type": "uuid",
                    "value": "{97f84028-c525-49c0-b1a2-b7a5091c44c0}",
                    "visible": true
                },
                "name": {
                    "enabled": true,
                    "type": "text",
                    "value": "Default",
                    "visible": true
                }
            }
        }
    ],
    "paths": [
    ],
    "strings": [
        {
            "properties": {
                "__categories": [
                ],
                "__groups": [
                ],
                "description": {
                    "enabled": true,
                    "type": "text",
                    "value": "",
                    "visible": true
                },
                "id": {
                    "enabled": true,
                    "type": "uuid",
                    "value": "{15b3ff08-4728-4e8a-934e-13a885c9b719}",
                    "visible": true
                },
                "name": {
                    "enabled": true,
                    "type": "text",
                    "value": "Easy",
                    "visible": true
                },
                "path": {
                    "enabled": true,
                    "type": "text",
                    "value": "/",
                    "visible": true
                }
            },
            "values": [
                {
                    "language": "{97f84028-c525-49c0-b1a2-b7a5091c44c0}",
                    "value": "Easy."
                }
            ]
        },
        {
            "properties": {
                "__categories": [
                ],
                "__groups": [
                ],
                "description": {
                    "enabled": true,
                    "type": "text",
                    "value": "",
                    "visible": true
                },
                "id": {
                    "enabled": true,
                    "type": "uuid",
                    "value": "{61b58aee-ac5a-49a8-ab8c-1fb52cc87e05}",
                    "visible": true
                },
                "name": {
                    "enabled": true,
                    "type": "text",
                    "value": "Smart",
                    "visible": true
                },
                "path": {
                    "enabled": true,
                    "type": "text",
                    "value": "/",
                    "visible": true
                }
            },
            "values": [
                {
                    "language": "{97f84028-c525-49c0-b1a2-b7a5091c44c0}",
                    "value": "Smart."
                }
            ]
        },
        {
            "properties": {
                "__categories": [
                ],
                "__groups": [
                ],
                "description": {
                    "enabled": true,
                    "type": "text",
                    "value": "",
                    "visible": true
                },
                "id": {
                    "enabled": true,
                    "type": "uuid",
                    "value": "{ab377fe0-87e2-4346-b85a-e7fbd421e3d2}",
                    "visible": true
                },
                "name": {
                    "enabled": true,
                    "type": "text",
                    "value": "Fast",
                    "visible": true
                },
                "path": {
                    "enabled": true,
                    "type": "text",
                    "value": "/",
                    "visible": true
                }
            },
            "values": [
                {
                    "language": "{97f84028-c525-49c0-b1a2-b7a5091c44c0}",
                    "value": "Fast."
                }
            ]
        }
    ]
}
