{
    " ": {
        "advance": 3,
        "bearingX": 0,
        "bearingY": 0,
        "codePoint": 32,
        "height": 0,
        "width": 0
    },
    "!": {
        "advance": 3,
        "bearingX": 0,
        "bearingY": 9,
        "codePoint": 33,
        "data": "ACL/UABO/hMAedMAAKWUAADRVgAD+BgAAiIAAG2bAACiowAA",
        "height": 9,
        "width": 4
    },
    "\"": {
        "advance": 5,
        "bearingX": 1,
        "bearingY": 9,
        "codePoint": 34,
        "data": "YtI69AiGh16vAKo9gmIA",
        "height": 3,
        "width": 5
    },
    "#": {
        "advance": 8,
        "bearingX": 0,
        "bearingY": 9,
        "codePoint": 35,
        "data": "AAAAk2kJ5gEAAADQK0KyAAAAD+oBgHYAAOj6/fj++cUAAKtKKc8BAJv4//j7/PgeGGe0JNBNJAIAiG0L6wMAAADFL0e0AAAA",
        "height": 9,
        "width": 8
    },
    "$": {
        "advance": 7,
        "bearingX": 0,
        "bearingY": 10,
        "codePoint": 36,
        "data": "AAAABMcAAAAAddj6xicAZ9aTgnAKAJavmzYAAABL/fwwAAAAADz3+1QAAAAtmqCsAEclYpfWcQB9/f/KcAIAAAvIAgAAAAAAHAAAAAA=",
        "height": 11,
        "width": 7
    },
    "%": {
        "advance": 10,
        "bearingX": 0,
        "bearingY": 9,
        "codePoint": 37,
        "data": "ACPL70sAAKJtAAC4jIOmAFe4AQAJ9wxzkx3aGQAAGfQT0Uy+p+y+BALN/qV3q+0k1DsABBMx1WOzAM86AAAJ0jeAiAj2EAAAlX4Afqx8uQAASsUDACfi2iMA",
        "height": 9,
        "width": 10
    },
    "&": {
        "advance": 8,
        "bearingX": 0,
        "bearingY": 9,
        "codePoint": 38,
        "data": "AAA50va/EQAAANKVMu9bAAAA10oY2x8AAACew4cbAAADpcDGmACJtl7lCy/7WvBAkrYAAJb/nQBx8D0/xP97AAqt9eiHafYh",
        "height": 9,
        "width": 8
    },
    "'": {
        "advance": 3,
        "bearingX": 1,
        "bearingY": 9,
        "codePoint": 39,
        "data": "YtKGh6o9",
        "height": 3,
        "width": 2
    },
    "(": {
        "advance": 4,
        "bearingX": 0,
        "bearingY": 9,
        "codePoint": 40,
        "data": "AAAW3zgAAb99AABX2AMAANNjAAAj+g0AAF7MAAAAdq0AAACApQAAAGe6AAAAON4AAAAA1ygAAA==",
        "height": 11,
        "width": 5
    },
    ")": {
        "advance": 4,
        "bearingX": -1,
        "bearingY": 9,
        "codePoint": 41,
        "data": "AACHfwAAAD7cAAAAG/8LAAAG/ycAAA7/HAAALv4GAABpyAAAAMB3AAA46w4AB9JjAACMnQAAAA==",
        "height": 11,
        "width": 5
    },
    "*": {
        "advance": 7,
        "bearingX": 1,
        "bearingY": 10,
        "codePoint": 42,
        "data": "AAARYgEADQA11AAArrh9hgAADFj18PS8Ba+fzgALMsAE3T8AAAIAPxgA",
        "height": 7,
        "width": 6
    },
    "+": {
        "advance": 7,
        "bearingX": 0,
        "bearingY": 7,
        "codePoint": 43,
        "data": "AAAA4BwAAAAAAOAcAAA2+Pj/+Ph0ByQk5DwkEAAAAOAcAAAAAADgHAAA",
        "height": 6,
        "width": 7
    },
    ",": {
        "advance": 3,
        "bearingX": -1,
        "bearingY": 1,
        "codePoint": 44,
        "data": "AI3LBupJWLcA",
        "height": 3,
        "width": 3
    },
    "-": {
        "advance": 4,
        "bearingX": 0,
        "bearingY": 4,
        "codePoint": 45,
        "data": "jfj4URkkJAc=",
        "height": 2,
        "width": 4
    },
    ".": {
        "advance": 3,
        "bearingX": 0,
        "bearingY": 2,
        "codePoint": 46,
        "data": "apuiog==",
        "height": 2,
        "width": 2
    },
    "/": {
        "advance": 5,
        "bearingX": -1,
        "bearingY": 9,
        "codePoint": 47,
        "data": "AAAAABfzOAAAAACUsAAAAAAh9ywAAAAAo6IAAAAALPchAAAAALKUAAAAADn0GAAAAADAhgAAAABI7xAAAAAA",
        "height": 9,
        "width": 7
    },
    "0": {
        "advance": 7,
        "bearingX": 0,
        "bearingY": 9,
        "codePoint": 48,
        "data": "AABY3vCRAAA5/GVH/jkAuqQAAONlEP1CAADoYkb8CgAI/Epe6QAAOv8UW+oAAJXFACv/Ulb5QwAAgu/jWAAA",
        "height": 9,
        "width": 7
    },
    "1": {
        "advance": 7,
        "bearingX": 1,
        "bearingY": 9,
        "codePoint": 49,
        "data": "AABm8mEbuen/LSihV/UDAAB+xAAAALSPAAAA6FsAAB3/JgAAUfABAACGvgAA",
        "height": 9,
        "width": 5
    },
    "2": {
        "advance": 7,
        "bearingX": -1,
        "bearingY": 9,
        "codePoint": 50,
        "data": "AAATm+/uiwAAAEK1MFj/PAAAAAAAB/1QAAAAAABa9BMAAAAAO/NiAAAAAELycQAAAABQ9GAAAAAAXvhoHBwPAALz/////3EA",
        "height": 9,
        "width": 8
    },
    "3": {
        "advance": 7,
        "bearingX": 0,
        "bearingY": 9,
        "codePoint": 51,
        "data": "ACCn5e+PAAAplTNT/zsAAAAABfxFAAAAFpzTBgAA4P+3EAAAACRH5XEAAAAAAKGuAGU9I1PwbQCG6PrigAIA",
        "height": 9,
        "width": 7
    },
    "4": {
        "advance": 7,
        "bearingX": 0,
        "bearingY": 9,
        "codePoint": 52,
        "data": "AAAAAHH/PwAAAD7r/g4AABvmkNsAAAbHe4qpAACXrQHBdwBg1AwC80UA3v38/P/8SiosLH7eLAgAAACYpAAA",
        "height": 9,
        "width": 7
    },
    "5": {
        "advance": 7,
        "bearingX": 0,
        "bearingY": 9,
        "codePoint": 53,
        "data": "AAC/////XwAQ+zccHAYAWdEAAAAAAKX177sdAAAuND3dqAAAAAAAfNUAAAAAAJq5AGRGJGH3UQBr5frbaAAA",
        "height": 9,
        "width": 7
    },
    "6": {
        "advance": 7,
        "bearingX": 0,
        "bearingY": 9,
        "codePoint": 54,
        "data": "AAAGguP5eAAFwcFDIxcAbNIIAAAAAM6a2eNRABr/tDaW5wA7/BEAPf4DRfcBAGbdABv7aTXjdgAAaOjwigEA",
        "height": 9,
        "width": 7
    },
    "7": {
        "advance": 7,
        "bearingX": 0,
        "bearingY": 9,
        "codePoint": 55,
        "data": "AKX/////wwAVHBwq8WAAAAAAidACAAAAIPhEAAAAAKm2AAAAADn7KwAAAADHmgAAAABZ8xgAAAAH4H4AAAAA",
        "height": 9,
        "width": 7
    },
    "8": {
        "advance": 7,
        "bearingX": 0,
        "bearingY": 9,
        "codePoint": 56,
        "data": "AABR4Pi2DwAk/Fox524ATPUCAM51ABPnhprNEAAivvTfDQAe7F8HuaQAddAAAGXjAGP1RTXLsQAGn/PzrhgA",
        "height": 9,
        "width": 7
    },
    "9": {
        "advance": 7,
        "bearingX": 0,
        "bearingY": 9,
        "codePoint": 57,
        "data": "AAqX8eloAACZzzhZ+hkB80wABPxBAvdoBIH/OAB///mo/xkAABAQhNUAAAAACul/ACstO7/fDwBj9/KvHwAA",
        "height": 9,
        "width": 7
    },
    ":": {
        "advance": 3,
        "bearingX": 0,
        "bearingY": 7,
        "codePoint": 58,
        "data": "AIu4AIp+AAAAAAAAAAAAapsAoqIA",
        "height": 7,
        "width": 3
    },
    ";": {
        "advance": 3,
        "bearingX": -1,
        "bearingY": 7,
        "codePoint": 59,
        "data": "AACLuAAAin4AAAAAAAAAAAAAAAAAJ0sAALaZABn0HwBcfQAA",
        "height": 9,
        "width": 4
    },
    "<": {
        "advance": 7,
        "bearingX": 0,
        "bearingY": 8,
        "codePoint": 60,
        "data": "AAAAAAADHQAAAANe2WcAA1/XqC8AH9ytIwAAAAt53aQ6AAAAAAVbzNA+AAAAAAA9Rg==",
        "height": 7,
        "width": 7
    },
    "=": {
        "advance": 7,
        "bearingX": 0,
        "bearingY": 6,
        "codePoint": 61,
        "data": "Kvj4+Pj4aAYkJCQkJA8q+Pj4+PhoBiQkJCQkDw==",
        "height": 4,
        "width": 7
    },
    ">": {
        "advance": 7,
        "bearingX": 0,
        "bearingY": 8,
        "codePoint": 62,
        "data": "ERAAAAAAACvngBAAAAAAF4jhgBAAAAAAD4LuTgAAIYnhlyAZtOJ5EgAAI1sFAAAAAA==",
        "height": 7,
        "width": 7
    },
    "?": {
        "advance": 5,
        "bearingX": 0,
        "bearingY": 9,
        "codePoint": 63,
        "data": "AHLZ9sMYAF5JLN6AAAAAAM93AAAEktsSAACuwhYAAEjUBgAAABMaAAAAAKlfAAAABeZdAAAA",
        "height": 9,
        "width": 6
    },
    "@": {
        "advance": 10,
        "bearingX": 0,
        "bearingY": 9,
        "codePoint": 64,
        "data": "AAAAS7nu989bAAAAkd5nKiVe6FkAZ8wam/HpYkrLBOUqn7grulYU7TnKCvgVCeoTN9Vbphv4EIHpDraCVbMCy/+Ctf+8CyLwEQMXAAUYAAAAqMQxAhBMJgAAAAmV9v3+yygAAAAAAAUcCQAAAAA=",
        "height": 11,
        "width": 10
    },
    "A": {
        "advance": 7,
        "bearingX": -1,
        "bearingY": 9,
        "codePoint": 65,
        "data": "AAAAAFr/agAAAAAD2dmGAAAAAGDRhaIAAAAF3lJtvgAAAGbNAVTaAAAH4v////UAAGzSMDBM/xIJ5l4AAA3/LnLkBQAAAPRK",
        "height": 9,
        "width": 8
    },
    "B": {
        "advance": 7,
        "bearingX": 0,
        "bearingY": 9,
        "codePoint": 66,
        "data": "AADa//zbWAAAD/5MIZH5CABB/gwAO/8WAHXcAA2jxQAAqP74/rYPAADciiRM9FUAEP9AAADNjQBD/SYjbf1MAHb///rUYQAA",
        "height": 9,
        "width": 8
    },
    "C": {
        "advance": 7,
        "bearingX": 0,
        "bearingY": 9,
        "codePoint": 67,
        "data": "AAAEfuH53lcAArnVSyVTKQBq8BgAAAAAANKRAAAAAAAQ/0sAAAAAACj/MAAAAAAAEP9QAAAAAAAAttg/JlMHAAAWqe31zAoA",
        "height": 9,
        "width": 8
    },
    "D": {
        "advance": 8,
        "bearingX": 0,
        "bearingY": 9,
        "codePoint": 68,
        "data": "AADa//fNSgAAD/5LKYv7LABB+wgAANWGAHXQAAAAr6MAqJ0AAADBlADcagAADfdhEP83AACL7BBD/SU2mflPAHb//uiuNQAA",
        "height": 9,
        "width": 8
    },
    "E": {
        "advance": 6,
        "bearingX": 0,
        "bearingY": 9,
        "codePoint": 69,
        "data": "AADa////nAAP/k0cHA0AQf4NAAAAAHXfAAAAAACo/vj4pgAA3IokJBQAEP9AAAAAAEP9JhwcAwB2////+ggA",
        "height": 9,
        "width": 7
    },
    "F": {
        "advance": 6,
        "bearingX": 0,
        "bearingY": 9,
        "codePoint": 70,
        "data": "AADa////nAAP/kscHA0AQfwJAAAAAHXSAAAAAACo/fj4kAAA3HgkJBAAEP80AAAAAEP6BwAAAAB20AAAAAAA",
        "height": 9,
        "width": 7
    },
    "G": {
        "advance": 8,
        "bearingX": 0,
        "bearingY": 9,
        "codePoint": 71,
        "data": "AAAGetr45ZwAAAO43lIkSWIAAG31HgAAAAAAANmPAAAAAAAAFf9NAGz4+HYAKv8wABQp/EYAEP9SAAAz/xIAALfaQiOI3QAAABak6vXVbQAA",
        "height": 9,
        "width": 9
    },
    "H": {
        "advance": 8,
        "bearingX": 0,
        "bearingY": 9,
        "codePoint": 72,
        "data": "AADacwAAFP8uAA/+QgAARPYDAEH/EgAAdMYAAHXgAAAApJMAAKj//////18AANyQLCw4/ywAEP9GAABC9QMAQ/4QAAB5xQAAdtcAAACwkQAA",
        "height": 9,
        "width": 9
    },
    "I": {
        "advance": 4,
        "bearingX": -1,
        "bearingY": 9,
        "codePoint": 73,
        "data": "AAB9//6YAAAAzXwAAAAE90YAAAAx/xMAAABl3wAAAACZrAAAAADOeAAAAAn6RwAAJ+7/7QgA",
        "height": 9,
        "width": 6
    },
    "J": {
        "advance": 3,
        "bearingX": -2,
        "bearingY": 9,
        "codePoint": 74,
        "data": "AAAAAM55AAAACPpEAAAAOP4QAAAAbdoAAAAAoqUAAAAA13AAAAAO/jsAAABB/AoAAAB50AAAAxncfwAA2v+8CgAAFRQAAAAA",
        "height": 12,
        "width": 6
    },
    "K": {
        "advance": 7,
        "bearingX": 0,
        "bearingY": 9,
        "codePoint": 75,
        "data": "AADabQAZ4I0AD/45Dc+nAQBB+w+7vQYAAHXRotAOAAAAqPT7hwAAAADckm3lAwAAEP82E/lOAABD+wgArrIAAHbRAABP/BkA",
        "height": 9,
        "width": 8
    },
    "L": {
        "advance": 6,
        "bearingX": 0,
        "bearingY": 9,
        "codePoint": 76,
        "data": "AADabQAAAA/+OQAAAEH7CQAAAHXRAAAAAKidAAAAANxpAAAAEP81AAAAQ/0zLCwFdv////oH",
        "height": 9,
        "width": 6
    },
    "M": {
        "advance": 10,
        "bearingX": 0,
        "bearingY": 9,
        "codePoint": 77,
        "data": "AADa/xAAAATc/yoAD/3xKAAAYu/0AgBB4tFAAATerMUAAHW2t1kAZLylkgAAqIWdcQXfOdtfAADcUoOKZrYQ/i0AEP8faajgNEP2AwBD7ABP+7AAd8cAAHa5ADX+LwCqlQAA",
        "height": 9,
        "width": 11
    },
    "N": {
        "advance": 9,
        "bearingX": 0,
        "bearingY": 9,
        "codePoint": 78,
        "data": "AADa0wAAAJOeAA/7+yoAAMhqAEHct4EABfg2AHW0X9gAMvoIAKiFDvgvZs8AANxSAK+HlpwAEP8fAFjdwGgAQ+wAAAv1+zUAdrkAAACo+gcA",
        "height": 9,
        "width": 9
    },
    "O": {
        "advance": 9,
        "bearingX": 0,
        "bearingY": 9,
        "codePoint": 79,
        "data": "AAAPlOjwtiAAAAnNxzwwwNECAHzpDwAALv8uAOGEAAAAEP9KGP9JAAAAKf85Kv8vAAAAYfoND/9OAAADzqsAALbWPC6p7CEAABWm6/KyJgAA",
        "height": 9,
        "width": 9
    },
    "P": {
        "advance": 7,
        "bearingX": 0,
        "bearingY": 9,
        "codePoint": 80,
        "data": "AADa//rSPAAP/kgmrNcAQfYFAGPnAHXCASvQogCo/fv5oA4A3GwbAgAAEP8pAAAAAEP4AwAAAAB2zgAAAAAA",
        "height": 9,
        "width": 7
    },
    "Q": {
        "advance": 9,
        "bearingX": 0,
        "bearingY": 9,
        "codePoint": 81,
        "data": "AAAPlOjwtiAAAAnNxzwwwNACAHzpDwAALv8uAOGEAAAADv9JGP9JAAAAIf84Kv8vAAAAXPkKD/9OAAADyqcAALbWPDCq7R8AABWm6//LKAAAAAAAAIDdDQAAAAAAAAjZngAA",
        "height": 11,
        "width": 9
    },
    "R": {
        "advance": 7,
        "bearingX": 0,
        "bearingY": 9,
        "codePoint": 82,
        "data": "AADa//bCKQAP/kkrwLoAQfgGAH3TAHXIASzcjQCo/fv5jwYA3HVV+REAEP8xA+tkAEP6BgCdvQB20AAATP0Z",
        "height": 9,
        "width": 7
    },
    "S": {
        "advance": 6,
        "bearingX": 0,
        "bearingY": 9,
        "codePoint": 83,
        "data": "AAaT7PPEHgCA6UAvewMAtqYAAAAAAIPvQAAAAAAIqv15AAAAAABs/zUAAAAAAvVdAGA3J4L7JACL7PnQTAAA",
        "height": 9,
        "width": 7
    },
    "T": {
        "advance": 6,
        "bearingX": 1,
        "bearingY": 9,
        "codePoint": 84,
        "data": "z//////6BxkcyZUcGQAAAfFXAAAAACb/JAAAAABa7wAAAAAAjbwAAAAAAMCJAAAAAAHxVQAAAAAm/yEAAAAA",
        "height": 9,
        "width": 7
    },
    "U": {
        "advance": 8,
        "bearingX": 0,
        "bearingY": 9,
        "codePoint": 85,
        "data": "AAHwVQAAFv8xACf/IAAAS/cFAFvrAAAAgMkAAI+2AAAAtZQAAMOBAAAA6WAAAvROAAAf/ysAEf86AABw2QAAAOOrNlvubwAAADzP9+J7AQAA",
        "height": 9,
        "width": 9
    },
    "V": {
        "advance": 7,
        "bearingX": 1,
        "bearingY": 9,
        "codePoint": 86,
        "data": "3GYAAADFm8N6AABB+iCqjwAAvZoAkaMAOPofAHi4ALOZAABfzS75HgAARt+jmAAAAC3y8h4AAAAU/5gAAAAA",
        "height": 9,
        "width": 7
    },
    "W": {
        "advance": 10,
        "bearingX": 1,
        "bearingY": 9,
        "codePoint": 87,
        "data": "w3cAAID4AAAW+UG6fQAH5v8CAHnTALCEAGG5/gwC3mYAposA0VL5FknuCgCckkLfA/AgsYsAAJOWsHMA5UT6IQAAia3wDwDbo7EAAAB/85MAANDxQwAAAHX+JQAAxdUAAAAA",
        "height": 9,
        "width": 11
    },
    "X": {
        "advance": 7,
        "bearingX": -1,
        "bearingY": 9,
        "codePoint": 88,
        "data": "AAB/zQAAOvc5AAAm/x8N3XcAAAAAzXGgtwEAAAAAdOrlFQAAAAAAZf92AAAAAAAk8cC8AAAAAAXLkDT8GAAAAIzSBwDjbgAASPYrAACUxwAA",
        "height": 9,
        "width": 9
    },
    "Y": {
        "advance": 6,
        "bearingX": 1,
        "bearingY": 9,
        "codePoint": 89,
        "data": "xYAAAFb0IIa4AA3lbwBH7wGQxgIADPtb9SkAAADK930AAAAAk9kFAAAAALOTAAAAAADoYAAAAAAd/y0AAAAA",
        "height": 9,
        "width": 7
    },
    "Z": {
        "advance": 6,
        "bearingX": -1,
        "bearingY": 9,
        "codePoint": 90,
        "data": "AABf/////9YAAA0cHFP+YAAAAAAP36IAAAAAAKvXCwAAAABo9y0AAAAALfdmAAAAAAvXqAAAAAAAn+cqHBwNABf//////1sA",
        "height": 9,
        "width": 8
    },
    "[": {
        "advance": 4,
        "bearingX": -1,
        "bearingY": 9,
        "codePoint": 91,
        "data": "AAAH+v9yAAA18RwJAABpvwAAAACciwAAAADPVwAAAAj6IwAAADbuAAAAAGm7AAAAAJ2HAAAAANBTAAAACPv5aQAABCQkCwAA",
        "height": 12,
        "width": 6
    },
    "\\": {
        "advance": 5,
        "bearingX": 1,
        "bearingY": 9,
        "codePoint": 92,
        "data": "on4AfqIAWsYANusAEv8PAO40AMpYAKZ9AIKh",
        "height": 9,
        "width": 3
    },
    "]": {
        "advance": 4,
        "bearingX": -1,
        "bearingY": 9,
        "codePoint": 93,
        "data": "AAC5/7oAABethgAAANRTAAAL/B8AADvsAAAAb7kAAACihQAAANZSAAAL/R8AAD3rAAC2+rgAAB4kFQAA",
        "height": 12,
        "width": 5
    },
    "^": {
        "advance": 7,
        "bearingX": 0,
        "bearingY": 9,
        "codePoint": 94,
        "data": "AAAP7yIAAAAAeumJAAAACeM25wcAAG2eALFcAAXfKQBJxQBfsgAAAt4v",
        "height": 6,
        "width": 7
    },
    "_": {
        "advance": 5,
        "bearingX": -2,
        "bearingY": -1,
        "codePoint": 95,
        "data": "BfP4+PjAAyQkJCQY",
        "height": 2,
        "width": 6
    },
    "`": {
        "advance": 3,
        "bearingX": 1,
        "bearingY": 10,
        "codePoint": 96,
        "data": "FvJDAFWy",
        "height": 2,
        "width": 3
    },
    "a": {
        "advance": 7,
        "bearingX": 0,
        "bearingY": 7,
        "codePoint": 97,
        "data": "AAmf9bl1mgCU5Dd5+mcS91AAIf80S/cEAEP6B2ffAACjzgBR+Dlv8ZsABrb0kp5pAA==",
        "height": 7,
        "width": 7
    },
    "b": {
        "advance": 7,
        "bearingX": 0,
        "bearingY": 10,
        "codePoint": 98,
        "data": "AADdZQAAAAAP/jgAAAAAQP0MAAAAAHLThPOzBQCj8Ww6+lAA1aEAAONmCvxCAAT5Sjj/HQBN9hJq/Wks3pYAm3fA9qQKAA==",
        "height": 10,
        "width": 7
    },
    "c": {
        "advance": 6,
        "bearingX": 0,
        "bearingY": 7,
        "codePoint": 99,
        "data": "AAeU8O1lAJTcPTMkF/hBAAAATfABAAAAZ98AAAAAP/1UK0kAAIbt8IYA",
        "height": 7,
        "width": 6
    },
    "d": {
        "advance": 7,
        "bearingX": 0,
        "bearingY": 10,
        "codePoint": 100,
        "data": "AAAAAAAX/ycAAAAAAEbzAQAAAAAAc8MAAAqi9bSfkgAAmOA1dftgABP3TAAh/y8AS/cEAET4BABn3wAApcsAAFH4OG/ymgAABrj0jaVoAAA=",
        "height": 10,
        "width": 8
    },
    "e": {
        "advance": 6,
        "bearingX": 0,
        "bearingY": 7,
        "codePoint": 101,
        "data": "AAeR8OdTAJPXN5bOFvg/KsCpT//9+KwUZuIdBwAAOvxRJmECAIDs8bQC",
        "height": 7,
        "width": 6
    },
    "f": {
        "advance": 4,
        "bearingX": -2,
        "bearingY": 10,
        "codePoint": 102,
        "data": "AAAAADLU9UgAAAAAvaMpDQAAAAn6OwAAAAAw1P//ZAAAAAt73RwIAAAAAJupAAAAAAAAznYAAAAAAAb5QwAAAAAAM/8RAAAAAABm3gAAAAAAAJuqAAAAABAw62IAAAAATPawBQAAAAA=",
        "height": 13,
        "width": 8
    },
    "g": {
        "advance": 7,
        "bearingX": 0,
        "bearingY": 7,
        "codePoint": 103,
        "data": "AAqj9bl0mgCU4DV7+mYS9kwAJ/8zS/cEAEf5BmffAAClzABS+Dhs+JkABrn0i9VmAAAAABj+KQBeNimsygAAi+31uyIAAA==",
        "height": 10,
        "width": 7
    },
    "h": {
        "advance": 7,
        "bearingX": 0,
        "bearingY": 10,
        "codePoint": 104,
        "data": "AADdZAAAAAAP/jQAAAAAQPsIAAAAAHLNgfPJDgCj83o4+1cA1a4AAfZPCvxLACX/IDj+DwBY7ABq2wAAi7kAm6kAAL6FAA==",
        "height": 10,
        "width": 7
    },
    "i": {
        "advance": 3,
        "bearingX": 0,
        "bearingY": 10,
        "codePoint": 105,
        "data": "AAHcQwAACwAAAAAAAGnWAACcpAAAz3IAB/o/ADX+DgBo2wAAm6kAAA==",
        "height": 10,
        "width": 4
    },
    "j": {
        "advance": 3,
        "bearingX": -2,
        "bearingY": 10,
        "codePoint": 106,
        "data": "AAAAAdxCAAAAAAsAAAAAAAAAAAAAadYAAAAAnKMAAAAAz3AAAAAH+j0AAAA1/QwAAABo1wAAAACbpAAAAADPcQAAF0b9LAAAffOIAAAA",
        "height": 13,
        "width": 6
    },
    "k": {
        "advance": 6,
        "bearingX": 0,
        "bearingY": 10,
        "codePoint": 107,
        "data": "AADhYwAAAAAT/zEAAAAARPoGAAAAAHbPAFHxNwCnnDzxRwAA2YzsWQAADP738g0AADz+QOdtAABu2gCD2gEAn6gAHPxMAA==",
        "height": 10,
        "width": 7
    },
    "l": {
        "advance": 3,
        "bearingX": 0,
        "bearingY": 10,
        "codePoint": 108,
        "data": "AADdYwAP/jEAQfoGAHPPAAClngAA120AC/07ADv+DABt2QAAn6gAAA==",
        "height": 10,
        "width": 4
    },
    "m": {
        "advance": 11,
        "bearingX": 0,
        "bearingY": 7,
        "codePoint": 109,
        "data": "AGmihu6vFcH0eACc63ZR/8RHjOkAz60AG/9fAGPfB/pNAEn4CgCRsTX+DwB8xQAAxH9o2wAAr5MAAvROm6kAAOJhACr/HA==",
        "height": 7,
        "width": 10
    },
    "n": {
        "advance": 7,
        "bearingX": 0,
        "bearingY": 7,
        "codePoint": 110,
        "data": "AHGsi+7JDwCk8ns2+lsA17IAA/dXDP1QACz/KT3/FABf8gJw4AAAk8EAo60AAMaNAA==",
        "height": 7,
        "width": 7
    },
    "o": {
        "advance": 7,
        "bearingX": 0,
        "bearingY": 7,
        "codePoint": 111,
        "data": "AA2i8+FYAACkzjJ39xQd/DMADf89U/YBACb/K2bgAABd6wY0/VA85HcAAHfq7YAAAA==",
        "height": 7,
        "width": 7
    },
    "p": {
        "advance": 7,
        "bearingX": -1,
        "bearingY": 7,
        "codePoint": 112,
        "data": "AABpoofztAUAAJztbDr6UAAAz6AAAONnAAf6QAAF+ksANf8dAE/3EwBn/HA04ZgAAJqeuPalCwAAzW8AAAAAAAb5PQAAAAAAM/4OAAAAAAA=",
        "height": 10,
        "width": 8
    },
    "q": {
        "advance": 7,
        "bearingX": 0,
        "bearingY": 7,
        "codePoint": 113,
        "data": "AAmh9blzmgCU4jZ5+mYS9k8AJf8zS/cEAEn5BmffAACpzQBR+Dhv+JoABrf0i9VmAAAAAA/+MwAAAABB+QYAAAAAc80AAA==",
        "height": 10,
        "width": 7
    },
    "r": {
        "advance": 5,
        "bearingX": 0,
        "bearingY": 8,
        "codePoint": 114,
        "data": "AAAAAAABAGmilPgiAJzxeCgAAM+sAAAAB/pLAAAANf4OAAAAaNsAAAAAm6kAAAAA",
        "height": 8,
        "width": 6
    },
    "s": {
        "advance": 5,
        "bearingX": 0,
        "bearingY": 7,
        "codePoint": 115,
        "data": "AHHp8LMDGf9kLVgAFvt2AAAAAFPtrwoAAAAY7WwAZCs8710AsPTtmQQA",
        "height": 7,
        "width": 6
    },
    "t": {
        "advance": 4,
        "bearingX": 0,
        "bearingY": 9,
        "codePoint": 116,
        "data": "AABOHQAAEe8TAD3l//+ADKK1HAsAyXsAAAT3RwAALv8VAABH/jIZABPS+F4A",
        "height": 9,
        "width": 5
    },
    "u": {
        "advance": 7,
        "bearingX": 0,
        "bearingY": 7,
        "codePoint": 117,
        "data": "AH7GAAChogCxkwAA1HAA5WAACfw+GP8tAEL+DUL6BACl2QBM/DJs7acADMfvi5t1AA==",
        "height": 7,
        "width": 7
    },
    "v": {
        "advance": 6,
        "bearingX": 0,
        "bearingY": 7,
        "codePoint": 118,
        "data": "WuIAADn7JD/3AAC1oAAk/w4w+yQACP8kq6AAAADtW/kkAAAA0c+gAAAAALb8JAAAAA==",
        "height": 7,
        "width": 7
    },
    "w": {
        "advance": 9,
        "bearingX": 0,
        "bearingY": 7,
        "codePoint": 119,
        "data": "R+oAA+KwAB/9MD7wAFHeugCGwgA09QC9hMQG6VQAKvop4TnNVuEDACH4kXgs0rN3AAAX9eEUIeHwEgAADf+eABb/mwAAAA==",
        "height": 7,
        "width": 10
    },
    "x": {
        "advance": 6,
        "bearingX": -1,
        "bearingY": 7,
        "codePoint": 120,
        "data": "AAHbbgB35RcAAHfKNPU6AAAAFvrjbwAAAAAE29EAAAAAAI3V+xwAAABT8CDEgwAAJvJYAGHoBgA=",
        "height": 7,
        "width": 8
    },
    "y": {
        "advance": 6,
        "bearingX": -2,
        "bearingY": 7,
        "codePoint": 121,
        "data": "AABX5gAAOfwmAAA0/QUAtKEAAAAS/yEu+iMAAAAA7z2nnQAAAAAAzHD3IQAAAAAAqtqaAAAAAAAAh/keAAAAAAAAs5YAAAAAAR118RgAAAAACvjbQgAAAAAA",
        "height": 10,
        "width": 9
    },
    "z": {
        "advance": 5,
        "bearingX": -1,
        "bearingY": 7,
        "codePoint": 122,
        "data": "AADB////TAAAGByezAcAAABL7SEAAAAf7EwAAAAGyYUAAAAAk84fHAoAHP////9BAA==",
        "height": 7,
        "width": 7
    },
    "{": {
        "advance": 4,
        "bearingX": 0,
        "bearingY": 9,
        "codePoint": 123,
        "data": "AAAXxsUAAIi+IAAAyGAAAAT2KgACa9cBAMrkMwAAMd5HAAAAwlwAAALzKwAAH/8aAAAH1dsAAAADGQAA",
        "height": 12,
        "width": 5
    },
    "|": {
        "advance": 7,
        "bearingX": 2,
        "bearingY": 10,
        "codePoint": 124,
        "data": "BPgE+AT4BPgE+AT4BPgE+AT4BPgE+AT4BPg=",
        "height": 13,
        "width": 2
    },
    "}": {
        "advance": 4,
        "bearingX": -1,
        "bearingY": 9,
        "codePoint": 125,
        "data": "AACT1iIAAAAd0WgAAAAA10kAAAAM/RIAAAAQ/CQAAAADs/8YAACFxTYAAADbSQAAABL/FQAAA23cAAAAe/lfAAAADwsAAAAA",
        "height": 12,
        "width": 6
    },
    "~": {
        "advance": 7,
        "bearingX": 0,
        "bearingY": 6,
        "codePoint": 126,
        "data": "CrHplB4fVzZzOKH88zwCAAAAEAkA",
        "height": 3,
        "width": 7
    }
}
