{
    "bindings": [
        {
            "font": "{babacbf9-1a4d-434f-b244-094f30ae5bf4}",
            "language": "{f7766388-fea2-4750-a423-ec52215064f2}",
            "string": "{2584ca2d-8d38-4b2b-add8-7d8c64e207f4}"
        },
        {
            "font": "{babacbf9-1a4d-434f-b244-094f30ae5bf4}",
            "language": "{f7766388-fea2-4750-a423-ec52215064f2}",
            "string": "{ad4111cc-58a6-4202-a32f-0571b2cc926b}"
        },
        {
            "font": "{babacbf9-1a4d-434f-b244-094f30ae5bf4}",
            "language": "{f7766388-fea2-4750-a423-ec52215064f2}",
            "string": "{ae72a77c-c06d-467b-bf26-faed0235e41d}"
        }
    ],
    "defaultLanguage": "{f7766388-fea2-4750-a423-ec52215064f2}",
    "encoding": "ASCII",
    "languages": [
        {
            "properties": {
                "__categories": [
                ],
                "__groups": [
                ],
                "enabled": {
                    "enabled": true,
                    "type": "boolean",
                    "value": true,
                    "visible": true
                },
                "id": {
                    "enabled": true,
                    "type": "uuid",
                    "value": "{f7766388-fea2-4750-a423-ec52215064f2}",
                    "visible": true
                },
                "name": {
                    "enabled": true,
                    "type": "text",
                    "value": "Default",
                    "visible": true
                }
            }
        }
    ],
    "paths": [
    ],
    "strings": [
        {
            "properties": {
                "__categories": [
                ],
                "__groups": [
                ],
                "description": {
                    "enabled": true,
                    "type": "text",
                    "value": "",
                    "visible": true
                },
                "id": {
                    "enabled": true,
                    "type": "uuid",
                    "value": "{2584ca2d-8d38-4b2b-add8-7d8c64e207f4}",
                    "visible": true
                },
                "name": {
                    "enabled": true,
                    "type": "text",
                    "value": "Easy",
                    "visible": true
                },
                "path": {
                    "enabled": true,
                    "type": "text",
                    "value": "/",
                    "visible": true
                }
            },
            "values": [
                {
                    "language": "{f7766388-fea2-4750-a423-ec52215064f2}",
                    "value": "Easy."
                }
            ]
        },
        {
            "properties": {
                "__categories": [
                ],
                "__groups": [
                ],
                "description": {
                    "enabled": true,
                    "type": "text",
                    "value": "",
                    "visible": true
                },
                "id": {
                    "enabled": true,
                    "type": "uuid",
                    "value": "{ad4111cc-58a6-4202-a32f-0571b2cc926b}",
                    "visible": true
                },
                "name": {
                    "enabled": true,
                    "type": "text",
                    "value": "Fast",
                    "visible": true
                },
                "path": {
                    "enabled": true,
                    "type": "text",
                    "value": "/",
                    "visible": true
                }
            },
            "values": [
                {
                    "language": "{f7766388-fea2-4750-a423-ec52215064f2}",
                    "value": "Fast."
                }
            ]
        },
        {
            "properties": {
                "__categories": [
                ],
                "__groups": [
                ],
                "description": {
                    "enabled": true,
                    "type": "text",
                    "value": "",
                    "visible": true
                },
                "id": {
                    "enabled": true,
                    "type": "uuid",
                    "value": "{ae72a77c-c06d-467b-bf26-faed0235e41d}",
                    "visible": true
                },
                "name": {
                    "enabled": true,
                    "type": "text",
                    "value": "Smart",
                    "visible": true
                },
                "path": {
                    "enabled": true,
                    "type": "text",
                    "value": "/",
                    "visible": true
                }
            },
            "values": [
                {
                    "language": "{f7766388-fea2-4750-a423-ec52215064f2}",
                    "value": "Smart."
                }
            ]
        }
    ]
}
