{
    "images": [
        {
            "id": "{a88076a1-f52e-4631-b7b6-26870d2a547b}",
            "name": "n0",
            "type": "RGB"
        },
        {
            "id": "{3f946f21-81fb-48f5-88e5-a9abca746a58}",
            "name": "n1",
            "type": "RGB"
        },
        {
            "id": "{a2d9bd3e-01ca-47f1-b677-0ee74958dea9}",
            "name": "n2",
            "type": "RGB"
        },
        {
            "id": "{6cca0bfa-320a-46ba-8882-ceb67ea7db17}",
            "name": "n3",
            "type": "RGB"
        },
        {
            "id": "{c56f7b56-544f-452e-81ff-8fe28b3275a2}",
            "name": "n4",
            "type": "RGB"
        },
        {
            "id": "{ded12089-5987-42ce-8d29-7d0091edaee9}",
            "name": "n5",
            "type": "RGB"
        },
        {
            "id": "{d733af25-4884-4f8c-8994-5bf10e1c5026}",
            "name": "n6",
            "type": "RGB"
        },
        {
            "id": "{70bb3cf6-79c2-4b0d-b4e5-38bce51f6802}",
            "name": "n7",
            "type": "RGB"
        },
        {
            "id": "{15417302-15cf-430b-9d71-032b92a7d5d7}",
            "name": "n8",
            "type": "RGB"
        },
        {
            "id": "{9ba05abd-4400-4625-a8c0-4eaf26e86ae6}",
            "name": "n9",
            "type": "RGB"
        },
        {
            "id": "{f7181087-5b96-4237-aea1-228e874df14b}",
            "name": "n10",
            "type": "RGB"
        },
        {
            "id": "{75d10d44-1d0a-4b64-ac97-d33cf95f50a1}",
            "name": "n11",
            "type": "RGB"
        },
        {
            "id": "{f6db04f3-8bff-4ce9-a54e-5e368a7feb0f}",
            "name": "n12",
            "type": "RGB"
        },
        {
            "id": "{81a8f03c-d921-4074-8c92-3a49fbf9f9d2}",
            "name": "n13",
            "type": "RGB"
        },
        {
            "id": "{01ab6731-70b2-4794-9f06-3e992a58c88e}",
            "name": "n14",
            "type": "RGB"
        },
        {
            "id": "{6bfea9a4-4ef1-4baf-9279-b840250ed9ef}",
            "name": "n15",
            "type": "RGB"
        },
        {
            "id": "{dc8d324e-5200-46cb-9d67-2bd1789b4858}",
            "name": "n16",
            "type": "RGB"
        },
        {
            "id": "{dca0a686-53fd-46a5-9039-d79b7fa90fca}",
            "name": "n17",
            "type": "RGB"
        },
        {
            "id": "{dacc0a54-3473-41e2-bf5c-14ab9d4972bd}",
            "name": "n18",
            "type": "RGB"
        },
        {
            "id": "{f4db39cf-87ce-48cd-97b8-f75b5a638e20}",
            "name": "n19",
            "type": "RGB"
        },
        {
            "id": "{89711dab-ff1e-4c58-ac6c-6429db69f2b2}",
            "name": "n20",
            "type": "RGB"
        },
        {
            "id": "{195b93fc-8f57-4034-8869-4f9828b2baae}",
            "name": "n21",
            "type": "RGB"
        },
        {
            "id": "{806b14d6-ab64-4196-87f3-12d1861a89ab}",
            "name": "n22",
            "type": "RGB"
        },
        {
            "id": "{a2b72722-4689-49e0-8803-a0d92a27c39e}",
            "name": "n23",
            "type": "RGB"
        },
        {
            "id": "{4f03c0f7-1f74-411b-a0eb-485d53807b67}",
            "name": "n24",
            "type": "RGB"
        },
        {
            "id": "{ba9ec362-3230-4764-830d-3f55513e17ae}",
            "name": "n25",
            "type": "RGB"
        },
        {
            "id": "{55718779-399e-4068-a326-8274bcc80875}",
            "name": "n26",
            "type": "RGB"
        },
        {
            "id": "{ba22e73b-9468-4141-9124-e48b5a876f18}",
            "name": "n27",
            "type": "RGB"
        },
        {
            "id": "{b5893066-af1c-4490-b72b-79b9a3bbecf6}",
            "name": "n28",
            "type": "RGB"
        },
        {
            "id": "{1e4f5086-82fe-4bf9-90c7-c29e140eaec1}",
            "name": "n29",
            "type": "RGB"
        },
        {
            "id": "{34c41f42-b934-4611-8278-eea7a85c8313}",
            "name": "n30",
            "type": "RGB"
        },
        {
            "id": "{f0e7098f-86c8-46b2-9a06-041f23ad601b}",
            "name": "n31",
            "type": "RGB"
        },
        {
            "id": "{bff88fb0-53a8-4c79-bd2e-715a27a20cb2}",
            "name": "n32",
            "type": "RGB"
        },
        {
            "id": "{a2496239-dccc-4066-a12b-830c0de2bbe5}",
            "name": "n33",
            "type": "RGB"
        },
        {
            "id": "{a8832d60-ff80-4e9b-9d8b-735e5cc58ac2}",
            "name": "n34",
            "type": "RGB"
        },
        {
            "id": "{9ed1ec9d-510c-45a6-9de1-d3d5ec46dfd4}",
            "name": "n35",
            "type": "RGB"
        },
        {
            "id": "{1cdc4938-a871-46e9-a423-3a1ef02a5308}",
            "name": "n36",
            "type": "RGB"
        },
        {
            "id": "{0996a3c9-c3ac-4dee-aa67-0bba97a7e7a6}",
            "name": "n37",
            "type": "RGB"
        },
        {
            "id": "{b35ae57b-b7f9-405d-a56b-29bb07e96343}",
            "name": "n38",
            "type": "RGB"
        },
        {
            "id": "{3c388d83-b7ef-4195-a3b1-80ec1d0e8d8d}",
            "name": "n39",
            "type": "RGB"
        },
        {
            "id": "{94c62ab2-3578-4d52-8eb7-89d8149088f4}",
            "name": "n40",
            "type": "RGB"
        },
        {
            "id": "{c3a582c8-d5d2-4286-a00a-699359acf23e}",
            "name": "n41",
            "type": "RGB"
        },
        {
            "id": "{3ee7a85d-78c6-4c5f-91d9-1ef98201288f}",
            "name": "n42",
            "type": "RGB"
        },
        {
            "id": "{2e1eb479-76e2-4abd-8a90-46310121b1f5}",
            "name": "n43",
            "type": "RGB"
        },
        {
            "id": "{11431d4c-126a-485f-aa75-139583bf2a12}",
            "name": "n44",
            "type": "RGB"
        },
        {
            "id": "{51d7f703-eaff-4c7b-8c99-30df04d1c817}",
            "name": "n45",
            "type": "RGB"
        },
        {
            "id": "{79c6abd4-7394-4d0a-bc61-0af5a8bf39d4}",
            "name": "n46",
            "type": "RGB"
        },
        {
            "id": "{37b97c24-7bf6-4fe9-b2ca-ada957d5d8ff}",
            "name": "n47",
            "type": "RGB"
        },
        {
            "id": "{cf23cc8f-b9c2-4544-835d-a6101160f9db}",
            "name": "n48",
            "type": "RGB"
        },
        {
            "id": "{1260de72-0fa2-4258-b0f4-86bca8b0b432}",
            "name": "n49",
            "type": "RGB"
        },
        {
            "id": "{cbad22f7-7d15-455e-8d3a-4562fe27bf9f}",
            "name": "n50",
            "type": "RGB"
        },
        {
            "id": "{6c2f042a-1536-46c9-87c7-277cc4768556}",
            "name": "n51",
            "type": "RGB"
        },
        {
            "id": "{cb8d7166-f8d7-4131-a6bd-2e486468e6df}",
            "name": "n52",
            "type": "RGB"
        },
        {
            "id": "{9b6f1cfc-20de-4127-b7cb-2a5c7da192ef}",
            "name": "n53",
            "type": "RGB"
        },
        {
            "id": "{a83f3827-7b37-455c-9134-bc11e12c8685}",
            "name": "n54",
            "type": "RGB"
        },
        {
            "id": "{e835ef2e-b5c1-4932-a658-f43d6229a640}",
            "name": "n55",
            "type": "RGB"
        },
        {
            "id": "{ff92f4dd-9e1e-48e7-b5f5-c05969c664a9}",
            "name": "n56",
            "type": "RGB"
        },
        {
            "id": "{98f28a00-5568-455d-bce2-46744e7cf82e}",
            "name": "n57",
            "type": "RGB"
        },
        {
            "id": "{2f5d659b-5ed5-4088-9107-825078b3a11a}",
            "name": "n58",
            "type": "RGB"
        },
        {
            "id": "{119795b0-1d4f-4599-bc11-b16914369715}",
            "name": "n59",
            "type": "RGB"
        },
        {
            "id": "{1144209a-ff96-4991-815e-2408530f2668}",
            "name": "n60",
            "type": "RGB"
        },
        {
            "id": "{e100b2d9-f946-45a7-9ee0-1529b5e9e3c0}",
            "name": "n61",
            "type": "RGB"
        },
        {
            "id": "{5d88c393-7294-4af8-a888-fe5732815896}",
            "name": "n62",
            "type": "RGB"
        },
        {
            "id": "{6a99c8c9-46b9-4f72-b590-243c86d30a57}",
            "name": "n63",
            "type": "RGB"
        },
        {
            "id": "{3be8a119-90e8-4d27-8631-9d03ff38a278}",
            "name": "n64",
            "type": "RGB"
        },
        {
            "id": "{0a811e0a-e112-441f-94b0-6082bb901e08}",
            "name": "n65",
            "type": "RGB"
        },
        {
            "id": "{301a7dee-82d7-4e93-9dcc-0c30c0265aa5}",
            "name": "n66",
            "type": "RGB"
        },
        {
            "id": "{113269de-750a-4732-b0db-b7216098573c}",
            "name": "n67",
            "type": "RGB"
        },
        {
            "id": "{bcf61089-a4f9-427e-b9a3-de89c751f8bf}",
            "name": "n68",
            "type": "RGB"
        },
        {
            "id": "{dcda79af-630e-4029-821e-f3c86b5eff9b}",
            "name": "n69",
            "type": "RGB"
        },
        {
            "id": "{51e77328-3bdd-4e72-98aa-97ac45027807}",
            "name": "n70",
            "type": "RGB"
        },
        {
            "id": "{97e19062-bfdd-400b-82ce-7a5ed0621686}",
            "name": "n71",
            "type": "RGB"
        },
        {
            "id": "{69cc3e9f-4c5d-4cfd-ac02-877f85ac5115}",
            "name": "n72",
            "type": "RGB"
        },
        {
            "id": "{d849fc81-0fca-4de2-941f-0d62d223ce05}",
            "name": "n73",
            "type": "RGB"
        },
        {
            "id": "{2f890ac9-97e5-4f73-ab5f-dac7866b8924}",
            "name": "n74",
            "type": "RGB"
        },
        {
            "id": "{e958e51c-ecaa-4500-8389-0b14e980816b}",
            "name": "n75",
            "type": "RGB"
        },
        {
            "id": "{96cee4f8-0075-45db-946a-a42ad4aa9d37}",
            "name": "n76",
            "type": "RGB"
        },
        {
            "id": "{2fe477ea-a8cd-448e-84c4-054a890f802a}",
            "name": "n77",
            "type": "RGB"
        },
        {
            "id": "{9256ec26-dfe3-49b2-a834-17ec3c5fb8bc}",
            "name": "n78",
            "type": "RGB"
        },
        {
            "id": "{f6656dac-e5f0-408d-b9b7-cd93d1646efc}",
            "name": "n79",
            "type": "RGB"
        },
        {
            "id": "{01b5db01-8781-4d0d-84d0-3f1c2f956af6}",
            "name": "n80",
            "type": "RGB"
        },
        {
            "id": "{dd9a5bfb-46f4-4ad2-934f-9f13961ab076}",
            "name": "n81",
            "type": "RGB"
        },
        {
            "id": "{510f0508-869e-46ca-ada3-0a71339d5408}",
            "name": "n82",
            "type": "RGB"
        },
        {
            "id": "{0c495f24-72a5-4085-8499-8ab44e5b14f6}",
            "name": "n83",
            "type": "RGB"
        },
        {
            "id": "{14cd4a54-78cb-4a11-825d-94ea66e82fcf}",
            "name": "n84",
            "type": "RGB"
        },
        {
            "id": "{4c522a12-8a58-48d7-bb96-13332e41f53e}",
            "name": "n85",
            "type": "RGB"
        },
        {
            "id": "{e4632968-eddc-44cc-8160-dc9f65d02d2d}",
            "name": "n86",
            "type": "RGB"
        },
        {
            "id": "{b420c6ae-7e41-453c-bea4-4f4074739ef8}",
            "name": "n87",
            "type": "RGB"
        },
        {
            "id": "{cdcc5abf-9a23-49a1-93e2-454a59f46d78}",
            "name": "n88",
            "type": "RGB"
        },
        {
            "id": "{788ed7c2-edd5-4f43-bb75-253254a2736a}",
            "name": "n89",
            "type": "RGB"
        },
        {
            "id": "{bfe62db2-f752-4ef9-9034-b4bf02a3a5b5}",
            "name": "n90",
            "type": "RGB"
        },
        {
            "id": "{c4565b1c-788c-4486-8a46-d976c51f22b5}",
            "name": "n91",
            "type": "RGB"
        },
        {
            "id": "{c1b26887-7e90-4fa3-9823-2a235995f6b6}",
            "name": "n92",
            "type": "RGB"
        },
        {
            "id": "{729dd64a-7c81-402b-b876-3e792ec6f663}",
            "name": "RoundBackground_base_432_gray",
            "type": "RGB"
        },
        {
            "id": "{727375b6-bcf4-4798-96e2-852164f1ff90}",
            "name": "mchp_circle",
            "type": "RGB"
        },
        {
            "id": "{35c10c51-8912-4e5b-9ddf-8a213cf92862}",
            "name": "bulb_l",
            "type": "RGB"
        },
        {
            "id": "{36122088-dbbf-4a04-bff5-26acc18d7a12}",
            "name": "bulb_m",
            "type": "RGB"
        },
        {
            "id": "{d0c5e44a-a516-4a9e-8e05-7928b3476d0d}",
            "name": "fan_l",
            "type": "RGB"
        },
        {
            "id": "{5d7482c8-c78d-407a-aec7-fd814080352b}",
            "name": "fan_m",
            "type": "RGB"
        },
        {
            "id": "{bdaf5128-d2be-46e3-9462-74ebb8535bb4}",
            "name": "gear_l",
            "type": "RGB"
        },
        {
            "id": "{cf1bd329-bd71-4755-af44-f1b97902f780}",
            "name": "gear_m",
            "type": "RGB"
        },
        {
            "id": "{c7302fc0-ac23-4baf-b076-2022990c0ee5}",
            "name": "home_l",
            "type": "RGB"
        },
        {
            "id": "{a7ef49fb-4eb3-4094-9d71-2bc7a67453b2}",
            "name": "home_m",
            "type": "RGB"
        },
        {
            "id": "{f329df25-2b2e-4703-8d07-7a2e8005ec18}",
            "name": "leaf_l",
            "type": "RGB"
        },
        {
            "id": "{9ad3bad2-af7e-4370-bd39-3c0183ff2ed4}",
            "name": "leaf_m",
            "type": "RGB"
        },
        {
            "id": "{3b081bb3-18ce-477f-9b81-a96a7700a138}",
            "name": "sound_l",
            "type": "RGB"
        },
        {
            "id": "{6a335d41-2445-470d-8e68-aed8f26dc7b8}",
            "name": "sound_m",
            "type": "RGB"
        },
        {
            "id": "{b087d8d2-b01e-4034-9b61-0c109addee57}",
            "name": "thermo_l",
            "type": "RGB"
        },
        {
            "id": "{bc32eff1-e284-424e-b45e-fa88b264f1e9}",
            "name": "thermo_m",
            "type": "RGB"
        },
        {
            "id": "{613c88ff-8d32-4e37-a272-87705b5e8859}",
            "name": "clock_m",
            "type": "RGB"
        },
        {
            "id": "{4a08bb65-5b66-4322-bbe2-b80a0c283959}",
            "name": "clock_l",
            "type": "RGB"
        },
        {
            "id": "{8b72c5ab-743c-4889-94fe-85a9452d8a87}",
            "name": "Pause",
            "type": "RGB"
        },
        {
            "id": "{a085df2d-8931-41d9-bf30-d1dd8c9c1a16}",
            "name": "Play",
            "type": "RGB"
        },
        {
            "id": "{04af7022-17d2-4715-8ba0-88bb1159db7b}",
            "name": "MHGC_200x200_white",
            "type": "RGB"
        },
        {
            "id": "{39d242c9-b86a-40d8-b82f-456d26d1533b}",
            "name": "lock",
            "type": "RGB"
        },
        {
            "id": "{9d6b7f40-e4c2-49c9-bec6-7299f8465f4e}",
            "name": "unlock",
            "type": "RGB"
        }
    ],
    "paths": [
    ]
}
