{
    "systemLocations": [
        {
            "properties": {
                "__categories": [
                    {
                        "expanded": true,
                        "id": "System Location Properties",
                        "visible": true
                    }
                ],
                "__groups": [
                ],
                "capacity": {
                    "enabled": true,
                    "type": "integer",
                    "value": 2000000,
                    "visible": true
                },
                "id": {
                    "enabled": true,
                    "type": "uuid",
                    "value": "{35958074-9524-4cf7-94ae-f64ccab54930}",
                    "visible": true
                },
                "name": {
                    "enabled": true,
                    "type": "text",
                    "value": "Internal Flash",
                    "visible": true
                }
            }
        },
        {
            "properties": {
                "__categories": [
                    {
                        "expanded": true,
                        "id": "System Location Properties",
                        "visible": true
                    }
                ],
                "__groups": [
                ],
                "capacity": {
                    "enabled": true,
                    "type": "integer",
                    "value": 512000,
                    "visible": true
                },
                "id": {
                    "enabled": true,
                    "type": "uuid",
                    "value": "{8519f98b-2947-4215-9202-9950f6394791}",
                    "visible": true
                },
                "name": {
                    "enabled": true,
                    "type": "text",
                    "value": "Internal SRAM",
                    "visible": true
                }
            }
        }
    ],
    "userLocations": [
        {
            "properties": {
                "__categories": [
                    {
                        "expanded": true,
                        "id": "User Location Properties",
                        "visible": true
                    }
                ],
                "__groups": [
                ],
                "accessMode": {
                    "enabled": true,
                    "type": "combo",
                    "value": 0,
                    "visible": true
                },
                "capacity": {
                    "enabled": true,
                    "type": "integer",
                    "value": 8000000,
                    "visible": true
                },
                "id": {
                    "enabled": true,
                    "type": "uuid",
                    "value": "{920557dd-462c-4e67-8401-36d438658c8c}",
                    "visible": true
                },
                "logicalStartingAddress": {
                    "enabled": true,
                    "type": "hex",
                    "value": 0,
                    "visible": false
                },
                "memorymapped": {
                    "enabled": true,
                    "type": "boolean",
                    "value": false,
                    "visible": true
                },
                "name": {
                    "enabled": true,
                    "type": "text",
                    "value": "USB_BIN",
                    "visible": true
                },
                "outputFileName": {
                    "enabled": true,
                    "type": "text",
                    "value": "Assets",
                    "visible": true
                },
                "outputFileType": {
                    "enabled": true,
                    "type": "combo",
                    "value": 2,
                    "visible": true
                },
                "startingAddress": {
                    "enabled": true,
                    "type": "hex",
                    "value": 0,
                    "visible": false
                },
                "useLogicalAddress": {
                    "enabled": true,
                    "type": "boolean",
                    "value": false,
                    "visible": true
                },
                "writeAlignment": {
                    "enabled": true,
                    "type": "combo",
                    "value": 1,
                    "visible": false
                },
                "writeStartingAddress": {
                    "enabled": true,
                    "type": "hex",
                    "value": 0,
                    "visible": false
                }
            },
            "reservedBlocks": [
            ]
        },
        {
            "properties": {
                "__categories": [
                    {
                        "expanded": true,
                        "id": "User Location Properties",
                        "visible": true
                    }
                ],
                "__groups": [
                ],
                "accessMode": {
                    "enabled": true,
                    "type": "combo",
                    "value": 0,
                    "visible": true
                },
                "capacity": {
                    "enabled": true,
                    "type": "integer",
                    "value": 0,
                    "visible": true
                },
                "id": {
                    "enabled": true,
                    "type": "uuid",
                    "value": "{8de27278-76e6-4271-9ff7-7e6a4d314cf0}",
                    "visible": true
                },
                "logicalStartingAddress": {
                    "enabled": true,
                    "type": "hex",
                    "value": 0,
                    "visible": false
                },
                "memorymapped": {
                    "enabled": true,
                    "type": "boolean",
                    "value": false,
                    "visible": true
                },
                "name": {
                    "enabled": true,
                    "type": "text",
                    "value": "JPEG_IMG0",
                    "visible": true
                },
                "outputFileName": {
                    "enabled": true,
                    "type": "text",
                    "value": "NewUserLocation_0",
                    "visible": false
                },
                "outputFileType": {
                    "enabled": true,
                    "type": "combo",
                    "value": 0,
                    "visible": true
                },
                "startingAddress": {
                    "enabled": true,
                    "type": "hex",
                    "value": 0,
                    "visible": false
                },
                "useLogicalAddress": {
                    "enabled": true,
                    "type": "boolean",
                    "value": false,
                    "visible": true
                },
                "writeAlignment": {
                    "enabled": true,
                    "type": "combo",
                    "value": 1,
                    "visible": false
                },
                "writeStartingAddress": {
                    "enabled": true,
                    "type": "hex",
                    "value": 0,
                    "visible": false
                }
            },
            "reservedBlocks": [
            ]
        },
        {
            "properties": {
                "__categories": [
                    {
                        "expanded": true,
                        "id": "User Location Properties",
                        "visible": true
                    }
                ],
                "__groups": [
                ],
                "accessMode": {
                    "enabled": true,
                    "type": "combo",
                    "value": 0,
                    "visible": true
                },
                "capacity": {
                    "enabled": true,
                    "type": "integer",
                    "value": 0,
                    "visible": true
                },
                "id": {
                    "enabled": true,
                    "type": "uuid",
                    "value": "{45c4a54e-95de-4830-89a8-b8864fba456b}",
                    "visible": true
                },
                "logicalStartingAddress": {
                    "enabled": true,
                    "type": "hex",
                    "value": 0,
                    "visible": false
                },
                "memorymapped": {
                    "enabled": true,
                    "type": "boolean",
                    "value": false,
                    "visible": true
                },
                "name": {
                    "enabled": true,
                    "type": "text",
                    "value": "PNG_IMG0",
                    "visible": true
                },
                "outputFileName": {
                    "enabled": true,
                    "type": "text",
                    "value": "NewUserLocation_0",
                    "visible": false
                },
                "outputFileType": {
                    "enabled": true,
                    "type": "combo",
                    "value": 0,
                    "visible": true
                },
                "startingAddress": {
                    "enabled": true,
                    "type": "hex",
                    "value": 0,
                    "visible": false
                },
                "useLogicalAddress": {
                    "enabled": true,
                    "type": "boolean",
                    "value": false,
                    "visible": true
                },
                "writeAlignment": {
                    "enabled": true,
                    "type": "combo",
                    "value": 1,
                    "visible": false
                },
                "writeStartingAddress": {
                    "enabled": true,
                    "type": "hex",
                    "value": 0,
                    "visible": false
                }
            },
            "reservedBlocks": [
            ]
        }
    ]
}
