{
    "bindings": [
        {
            "font": "{4fd6bb7f-c49e-4362-a7fc-6617a73f1108}",
            "language": "{45f35ae1-8dfb-4d1e-97c1-39b5480a39d1}",
            "string": "{0fe2b62c-805d-4b56-96c1-8d52e7a9d61e}"
        },
        {
            "font": "{4fd6bb7f-c49e-4362-a7fc-6617a73f1108}",
            "language": "{45f35ae1-8dfb-4d1e-97c1-39b5480a39d1}",
            "string": "{17c18106-229e-44fe-9905-6a90666d50aa}"
        },
        {
            "font": "{8c3c82f3-01fc-40ce-87b6-e75e477f7cc2}",
            "language": "{45f35ae1-8dfb-4d1e-97c1-39b5480a39d1}",
            "string": "{1b5b9bbf-1eed-48a3-b314-ffa33398f85f}"
        },
        {
            "font": "{8c3c82f3-01fc-40ce-87b6-e75e477f7cc2}",
            "language": "{abb656ad-476c-4060-b823-b7df397e1e7d}",
            "string": "{1b5b9bbf-1eed-48a3-b314-ffa33398f85f}"
        },
        {
            "font": "{4fd6bb7f-c49e-4362-a7fc-6617a73f1108}",
            "language": "{45f35ae1-8dfb-4d1e-97c1-39b5480a39d1}",
            "string": "{35f8e91e-0df0-4109-861e-694fef68b206}"
        },
        {
            "font": "{4fd6bb7f-c49e-4362-a7fc-6617a73f1108}",
            "language": "{45f35ae1-8dfb-4d1e-97c1-39b5480a39d1}",
            "string": "{4c80cb48-b112-412f-8139-d55d285eefe5}"
        },
        {
            "font": "{4fd6bb7f-c49e-4362-a7fc-6617a73f1108}",
            "language": "{45f35ae1-8dfb-4d1e-97c1-39b5480a39d1}",
            "string": "{6d925a3a-ae67-4cfa-a6e6-20a8ec62d602}"
        },
        {
            "font": "{4fd6bb7f-c49e-4362-a7fc-6617a73f1108}",
            "language": "{45f35ae1-8dfb-4d1e-97c1-39b5480a39d1}",
            "string": "{7799cbd7-8633-4887-ac3d-3a533e932561}"
        },
        {
            "font": "{4fd6bb7f-c49e-4362-a7fc-6617a73f1108}",
            "language": "{45f35ae1-8dfb-4d1e-97c1-39b5480a39d1}",
            "string": "{874e580f-a8a2-4298-b781-1e1bf2d23342}"
        },
        {
            "font": "{4fd6bb7f-c49e-4362-a7fc-6617a73f1108}",
            "language": "{45f35ae1-8dfb-4d1e-97c1-39b5480a39d1}",
            "string": "{92cce130-80f8-43e6-8e67-817e8720dd39}"
        },
        {
            "font": "{8c3c82f3-01fc-40ce-87b6-e75e477f7cc2}",
            "language": "{45f35ae1-8dfb-4d1e-97c1-39b5480a39d1}",
            "string": "{b4091c0c-2b77-425b-9947-20a2f0223efd}"
        },
        {
            "font": "{8c3c82f3-01fc-40ce-87b6-e75e477f7cc2}",
            "language": "{abb656ad-476c-4060-b823-b7df397e1e7d}",
            "string": "{b4091c0c-2b77-425b-9947-20a2f0223efd}"
        },
        {
            "font": "{4fd6bb7f-c49e-4362-a7fc-6617a73f1108}",
            "language": "{45f35ae1-8dfb-4d1e-97c1-39b5480a39d1}",
            "string": "{bb6fe637-8e7e-4bb2-89fc-75ea67d9a7d9}"
        },
        {
            "font": "{4fd6bb7f-c49e-4362-a7fc-6617a73f1108}",
            "language": "{45f35ae1-8dfb-4d1e-97c1-39b5480a39d1}",
            "string": "{da39e85e-db5b-4edc-9374-c7bc684fbff0}"
        },
        {
            "font": "{4fd6bb7f-c49e-4362-a7fc-6617a73f1108}",
            "language": "{45f35ae1-8dfb-4d1e-97c1-39b5480a39d1}",
            "string": "{e695598a-eeae-4072-bcb6-76cf89a99382}"
        },
        {
            "font": "{d17cbabe-8e13-4bd2-9da1-c36b34010b01}",
            "language": "{abb656ad-476c-4060-b823-b7df397e1e7d}",
            "string": "{0fe2b62c-805d-4b56-96c1-8d52e7a9d61e}"
        },
        {
            "font": "{d17cbabe-8e13-4bd2-9da1-c36b34010b01}",
            "language": "{abb656ad-476c-4060-b823-b7df397e1e7d}",
            "string": "{17c18106-229e-44fe-9905-6a90666d50aa}"
        },
        {
            "font": "{d17cbabe-8e13-4bd2-9da1-c36b34010b01}",
            "language": "{abb656ad-476c-4060-b823-b7df397e1e7d}",
            "string": "{35f8e91e-0df0-4109-861e-694fef68b206}"
        },
        {
            "font": "{d17cbabe-8e13-4bd2-9da1-c36b34010b01}",
            "language": "{abb656ad-476c-4060-b823-b7df397e1e7d}",
            "string": "{4c80cb48-b112-412f-8139-d55d285eefe5}"
        },
        {
            "font": "{d17cbabe-8e13-4bd2-9da1-c36b34010b01}",
            "language": "{abb656ad-476c-4060-b823-b7df397e1e7d}",
            "string": "{6d925a3a-ae67-4cfa-a6e6-20a8ec62d602}"
        },
        {
            "font": "{d17cbabe-8e13-4bd2-9da1-c36b34010b01}",
            "language": "{abb656ad-476c-4060-b823-b7df397e1e7d}",
            "string": "{7799cbd7-8633-4887-ac3d-3a533e932561}"
        },
        {
            "font": "{d17cbabe-8e13-4bd2-9da1-c36b34010b01}",
            "language": "{abb656ad-476c-4060-b823-b7df397e1e7d}",
            "string": "{874e580f-a8a2-4298-b781-1e1bf2d23342}"
        },
        {
            "font": "{d17cbabe-8e13-4bd2-9da1-c36b34010b01}",
            "language": "{abb656ad-476c-4060-b823-b7df397e1e7d}",
            "string": "{92cce130-80f8-43e6-8e67-817e8720dd39}"
        },
        {
            "font": "{d17cbabe-8e13-4bd2-9da1-c36b34010b01}",
            "language": "{abb656ad-476c-4060-b823-b7df397e1e7d}",
            "string": "{bb6fe637-8e7e-4bb2-89fc-75ea67d9a7d9}"
        },
        {
            "font": "{d17cbabe-8e13-4bd2-9da1-c36b34010b01}",
            "language": "{abb656ad-476c-4060-b823-b7df397e1e7d}",
            "string": "{da39e85e-db5b-4edc-9374-c7bc684fbff0}"
        },
        {
            "font": "{d17cbabe-8e13-4bd2-9da1-c36b34010b01}",
            "language": "{abb656ad-476c-4060-b823-b7df397e1e7d}",
            "string": "{e695598a-eeae-4072-bcb6-76cf89a99382}"
        }
    ],
    "defaultLanguage": "{45f35ae1-8dfb-4d1e-97c1-39b5480a39d1}",
    "encoding": "UTF16",
    "languages": [
        {
            "properties": {
                "__categories": [
                ],
                "__groups": [
                ],
                "enabled": {
                    "enabled": true,
                    "type": "boolean",
                    "value": true,
                    "visible": true
                },
                "id": {
                    "enabled": true,
                    "type": "uuid",
                    "value": "{45f35ae1-8dfb-4d1e-97c1-39b5480a39d1}",
                    "visible": true
                },
                "name": {
                    "enabled": true,
                    "type": "text",
                    "value": "English",
                    "visible": true
                }
            }
        },
        {
            "properties": {
                "__categories": [
                ],
                "__groups": [
                ],
                "enabled": {
                    "enabled": true,
                    "type": "boolean",
                    "value": true,
                    "visible": true
                },
                "id": {
                    "enabled": true,
                    "type": "uuid",
                    "value": "{abb656ad-476c-4060-b823-b7df397e1e7d}",
                    "visible": true
                },
                "name": {
                    "enabled": true,
                    "type": "text",
                    "value": "Chinese",
                    "visible": true
                }
            }
        }
    ],
    "paths": [
    ],
    "strings": [
        {
            "properties": {
                "__categories": [
                ],
                "__groups": [
                ],
                "description": {
                    "enabled": true,
                    "type": "text",
                    "value": "",
                    "visible": true
                },
                "id": {
                    "enabled": true,
                    "type": "uuid",
                    "value": "{0fe2b62c-805d-4b56-96c1-8d52e7a9d61e}",
                    "visible": true
                },
                "name": {
                    "enabled": true,
                    "type": "text",
                    "value": "ImageIsRLE",
                    "visible": true
                },
                "path": {
                    "enabled": true,
                    "type": "text",
                    "value": "/",
                    "visible": true
                }
            },
            "values": [
                {
                    "language": "{45f35ae1-8dfb-4d1e-97c1-39b5480a39d1}",
                    "value": "RLE Compressed Image"
                },
                {
                    "language": "{abb656ad-476c-4060-b823-b7df397e1e7d}",
                    "value": "RAW+RLE壓縮圖像"
                }
            ]
        },
        {
            "properties": {
                "__categories": [
                ],
                "__groups": [
                ],
                "description": {
                    "enabled": true,
                    "type": "text",
                    "value": "",
                    "visible": true
                },
                "id": {
                    "enabled": true,
                    "type": "uuid",
                    "value": "{17c18106-229e-44fe-9905-6a90666d50aa}",
                    "visible": true
                },
                "name": {
                    "enabled": true,
                    "type": "text",
                    "value": "DrawRaw",
                    "visible": true
                },
                "path": {
                    "enabled": true,
                    "type": "text",
                    "value": "/",
                    "visible": true
                }
            },
            "values": [
                {
                    "language": "{45f35ae1-8dfb-4d1e-97c1-39b5480a39d1}",
                    "value": "Press to load uncompressed RAW image from Binary File"
                },
                {
                    "language": "{abb656ad-476c-4060-b823-b7df397e1e7d}",
                    "value": "按下以從二進製文件加載未壓縮的RAW圖像"
                }
            ]
        },
        {
            "properties": {
                "__categories": [
                ],
                "__groups": [
                ],
                "description": {
                    "enabled": true,
                    "type": "text",
                    "value": "",
                    "visible": true
                },
                "id": {
                    "enabled": true,
                    "type": "uuid",
                    "value": "{1b5b9bbf-1eed-48a3-b314-ffa33398f85f}",
                    "visible": true
                },
                "name": {
                    "enabled": true,
                    "type": "text",
                    "value": "GoToMain",
                    "visible": true
                },
                "path": {
                    "enabled": true,
                    "type": "text",
                    "value": "/",
                    "visible": true
                }
            },
            "values": [
                {
                    "language": "{45f35ae1-8dfb-4d1e-97c1-39b5480a39d1}",
                    "value": "All Files Detect.  Press To Load Assets."
                },
                {
                    "language": "{abb656ad-476c-4060-b823-b7df397e1e7d}",
                    "value": "所有文件檢測。 按加載資產。"
                }
            ]
        },
        {
            "properties": {
                "__categories": [
                ],
                "__groups": [
                ],
                "description": {
                    "enabled": true,
                    "type": "text",
                    "value": "",
                    "visible": true
                },
                "id": {
                    "enabled": true,
                    "type": "uuid",
                    "value": "{35f8e91e-0df0-4109-861e-694fef68b206}",
                    "visible": true
                },
                "name": {
                    "enabled": true,
                    "type": "text",
                    "value": "DrawPNG",
                    "visible": true
                },
                "path": {
                    "enabled": true,
                    "type": "text",
                    "value": "/",
                    "visible": true
                }
            },
            "values": [
                {
                    "language": "{45f35ae1-8dfb-4d1e-97c1-39b5480a39d1}",
                    "value": "Press to load PNG image from File System"
                },
                {
                    "language": "{abb656ad-476c-4060-b823-b7df397e1e7d}",
                    "value": "按此從文件系統加載PNG圖像"
                }
            ]
        },
        {
            "properties": {
                "__categories": [
                ],
                "__groups": [
                ],
                "description": {
                    "enabled": true,
                    "type": "text",
                    "value": "",
                    "visible": true
                },
                "id": {
                    "enabled": true,
                    "type": "uuid",
                    "value": "{4c80cb48-b112-412f-8139-d55d285eefe5}",
                    "visible": true
                },
                "name": {
                    "enabled": true,
                    "type": "text",
                    "value": "DrawRLE",
                    "visible": true
                },
                "path": {
                    "enabled": true,
                    "type": "text",
                    "value": "/",
                    "visible": true
                }
            },
            "values": [
                {
                    "language": "{45f35ae1-8dfb-4d1e-97c1-39b5480a39d1}",
                    "value": "Press to load RLE compressed image from Binary File"
                },
                {
                    "language": "{abb656ad-476c-4060-b823-b7df397e1e7d}",
                    "value": "按此從二進製文件加載RLE壓縮圖像"
                }
            ]
        },
        {
            "properties": {
                "__categories": [
                ],
                "__groups": [
                ],
                "description": {
                    "enabled": true,
                    "type": "text",
                    "value": "",
                    "visible": true
                },
                "id": {
                    "enabled": true,
                    "type": "uuid",
                    "value": "{6d925a3a-ae67-4cfa-a6e6-20a8ec62d602}",
                    "visible": true
                },
                "name": {
                    "enabled": true,
                    "type": "text",
                    "value": "TitleString",
                    "visible": true
                },
                "path": {
                    "enabled": true,
                    "type": "text",
                    "value": "/",
                    "visible": true
                }
            },
            "values": [
                {
                    "language": "{45f35ae1-8dfb-4d1e-97c1-39b5480a39d1}",
                    "value": "Press the image to change the language\n and retrieve externally stored glyphs"
                },
                {
                    "language": "{abb656ad-476c-4060-b823-b7df397e1e7d}",
                    "value": "按圖片更改語言並檢索外部存儲的字形"
                }
            ]
        },
        {
            "properties": {
                "__categories": [
                ],
                "__groups": [
                ],
                "description": {
                    "enabled": true,
                    "type": "text",
                    "value": "",
                    "visible": true
                },
                "id": {
                    "enabled": true,
                    "type": "uuid",
                    "value": "{7799cbd7-8633-4887-ac3d-3a533e932561}",
                    "visible": true
                },
                "name": {
                    "enabled": true,
                    "type": "text",
                    "value": "ImageIsJPEG",
                    "visible": true
                },
                "path": {
                    "enabled": true,
                    "type": "text",
                    "value": "/",
                    "visible": true
                }
            },
            "values": [
                {
                    "language": "{45f35ae1-8dfb-4d1e-97c1-39b5480a39d1}",
                    "value": "JPEG Image"
                },
                {
                    "language": "{abb656ad-476c-4060-b823-b7df397e1e7d}",
                    "value": "JPEG壓縮圖像"
                }
            ]
        },
        {
            "properties": {
                "__categories": [
                ],
                "__groups": [
                ],
                "description": {
                    "enabled": true,
                    "type": "text",
                    "value": "",
                    "visible": true
                },
                "id": {
                    "enabled": true,
                    "type": "uuid",
                    "value": "{874e580f-a8a2-4298-b781-1e1bf2d23342}",
                    "visible": true
                },
                "name": {
                    "enabled": true,
                    "type": "text",
                    "value": "ImageIsRaw",
                    "visible": true
                },
                "path": {
                    "enabled": true,
                    "type": "text",
                    "value": "/",
                    "visible": true
                }
            },
            "values": [
                {
                    "language": "{45f35ae1-8dfb-4d1e-97c1-39b5480a39d1}",
                    "value": "Uncompressed RAW Image"
                },
                {
                    "language": "{abb656ad-476c-4060-b823-b7df397e1e7d}",
                    "value": "未壓縮RAW圖像"
                }
            ]
        },
        {
            "properties": {
                "__categories": [
                ],
                "__groups": [
                ],
                "description": {
                    "enabled": true,
                    "type": "text",
                    "value": "",
                    "visible": true
                },
                "id": {
                    "enabled": true,
                    "type": "uuid",
                    "value": "{92cce130-80f8-43e6-8e67-817e8720dd39}",
                    "visible": true
                },
                "name": {
                    "enabled": true,
                    "type": "text",
                    "value": "DrawPaletteCompressed",
                    "visible": true
                },
                "path": {
                    "enabled": true,
                    "type": "text",
                    "value": "/",
                    "visible": true
                }
            },
            "values": [
                {
                    "language": "{45f35ae1-8dfb-4d1e-97c1-39b5480a39d1}",
                    "value": "Press to load LUT8 image from Binary File"
                },
                {
                    "language": "{abb656ad-476c-4060-b823-b7df397e1e7d}",
                    "value": "按此從二進製文件加載LUT8圖像"
                }
            ]
        },
        {
            "properties": {
                "__categories": [
                ],
                "__groups": [
                ],
                "description": {
                    "enabled": true,
                    "type": "text",
                    "value": "",
                    "visible": true
                },
                "id": {
                    "enabled": true,
                    "type": "uuid",
                    "value": "{b4091c0c-2b77-425b-9947-20a2f0223efd}",
                    "visible": true
                },
                "name": {
                    "enabled": true,
                    "type": "text",
                    "value": "ConnectUSB",
                    "visible": true
                },
                "path": {
                    "enabled": true,
                    "type": "text",
                    "value": "/",
                    "visible": true
                }
            },
            "values": [
                {
                    "language": "{45f35ae1-8dfb-4d1e-97c1-39b5480a39d1}",
                    "value": "Connect USB MSD Device containing\\n the asset files to Target USB port"
                },
                {
                    "language": "{abb656ad-476c-4060-b823-b7df397e1e7d}",
                    "value": "將帶有資產文件的USB MSD設備\\n連接到目標USB端口"
                }
            ]
        },
        {
            "properties": {
                "__categories": [
                ],
                "__groups": [
                ],
                "description": {
                    "enabled": true,
                    "type": "text",
                    "value": "",
                    "visible": true
                },
                "id": {
                    "enabled": true,
                    "type": "uuid",
                    "value": "{bb6fe637-8e7e-4bb2-89fc-75ea67d9a7d9}",
                    "visible": true
                },
                "name": {
                    "enabled": true,
                    "type": "text",
                    "value": "ImageIsPNG",
                    "visible": true
                },
                "path": {
                    "enabled": true,
                    "type": "text",
                    "value": "/",
                    "visible": true
                }
            },
            "values": [
                {
                    "language": "{45f35ae1-8dfb-4d1e-97c1-39b5480a39d1}",
                    "value": "PNG Image"
                },
                {
                    "language": "{abb656ad-476c-4060-b823-b7df397e1e7d}",
                    "value": "PNG壓縮圖像"
                }
            ]
        },
        {
            "properties": {
                "__categories": [
                ],
                "__groups": [
                ],
                "description": {
                    "enabled": true,
                    "type": "text",
                    "value": "",
                    "visible": true
                },
                "id": {
                    "enabled": true,
                    "type": "uuid",
                    "value": "{da39e85e-db5b-4edc-9374-c7bc684fbff0}",
                    "visible": true
                },
                "name": {
                    "enabled": true,
                    "type": "text",
                    "value": "ImageIsPaletteCompressed",
                    "visible": true
                },
                "path": {
                    "enabled": true,
                    "type": "text",
                    "value": "/",
                    "visible": true
                }
            },
            "values": [
                {
                    "language": "{45f35ae1-8dfb-4d1e-97c1-39b5480a39d1}",
                    "value": "Palette Compressed Image"
                },
                {
                    "language": "{abb656ad-476c-4060-b823-b7df397e1e7d}",
                    "value": "Palette壓縮圖像"
                }
            ]
        },
        {
            "properties": {
                "__categories": [
                ],
                "__groups": [
                ],
                "description": {
                    "enabled": true,
                    "type": "text",
                    "value": "",
                    "visible": true
                },
                "id": {
                    "enabled": true,
                    "type": "uuid",
                    "value": "{e695598a-eeae-4072-bcb6-76cf89a99382}",
                    "visible": true
                },
                "name": {
                    "enabled": true,
                    "type": "text",
                    "value": "DrawJpeg",
                    "visible": true
                },
                "path": {
                    "enabled": true,
                    "type": "text",
                    "value": "/",
                    "visible": true
                }
            },
            "values": [
                {
                    "language": "{45f35ae1-8dfb-4d1e-97c1-39b5480a39d1}",
                    "value": "Press to load JPEG image from File System"
                },
                {
                    "language": "{abb656ad-476c-4060-b823-b7df397e1e7d}",
                    "value": "按下以從文件系統加載JPEG圖像"
                }
            ]
        }
    ]
}
