{
    "images": [
        {
            "id": "{da673712-2e50-47c8-b58e-6a9a8b84beec}",
            "name": "PlayButton",
            "type": "RGB"
        },
        {
            "id": "{bd140c37-61d9-4f2d-b8cb-848c0840b302}",
            "name": "PauseButton",
            "type": "RGB"
        },
        {
            "id": "{c41f0c04-352b-465b-952a-427f064919a5}",
            "name": "VideoPlayerIcon",
            "type": "RGB"
        },
        {
            "id": "{f845393e-8d30-43ca-99a1-97ba5b165231}",
            "name": "RectSmall",
            "type": "RGB"
        },
        {
            "id": "{fb91ac7b-dad2-496f-9bb3-6dfca0ab8925}",
            "name": "RectBig",
            "type": "RGB"
        },
        {
            "id": "{9a3093be-4720-4043-b63f-6e9b8057e522}",
            "name": "stopbutton",
            "type": "RGB"
        }
    ],
    "paths": [
    ]
}
