{
    "bindings": [
        {
            "font": "{3e096624-873b-4d5b-b83d-9d144a7562f1}",
            "language": "{6ec3185b-28d6-4e8e-ae4a-1ca64674fddc}",
            "string": "{2cc0f08f-d064-4f9b-a11b-91fb074fc9e5}"
        },
        {
            "font": "{3e096624-873b-4d5b-b83d-9d144a7562f1}",
            "language": "{6ec3185b-28d6-4e8e-ae4a-1ca64674fddc}",
            "string": "{3049617a-553a-4989-a7ac-4ca48ef32ae5}"
        },
        {
            "font": "{3e096624-873b-4d5b-b83d-9d144a7562f1}",
            "language": "{6ec3185b-28d6-4e8e-ae4a-1ca64674fddc}",
            "string": "{30eaafca-15a9-4502-a1e5-baeb47bcc743}"
        },
        {
            "font": "{3e096624-873b-4d5b-b83d-9d144a7562f1}",
            "language": "{6ec3185b-28d6-4e8e-ae4a-1ca64674fddc}",
            "string": "{36e0fd9e-25a8-4708-b2e4-e4a540066a59}"
        },
        {
            "font": "{4b435b15-2f37-48a4-a28f-cac28649e22a}",
            "language": "{6ec3185b-28d6-4e8e-ae4a-1ca64674fddc}",
            "string": "{3ad9e9eb-c012-470d-8046-06e33df64e99}"
        },
        {
            "font": "{3e096624-873b-4d5b-b83d-9d144a7562f1}",
            "language": "{6ec3185b-28d6-4e8e-ae4a-1ca64674fddc}",
            "string": "{6ce3e1db-74ef-4239-aaf1-66298d5ef9bf}"
        },
        {
            "font": "{3e096624-873b-4d5b-b83d-9d144a7562f1}",
            "language": "{6ec3185b-28d6-4e8e-ae4a-1ca64674fddc}",
            "string": "{6e015496-88cf-43ff-83cc-47729bb59705}"
        },
        {
            "font": "{3e096624-873b-4d5b-b83d-9d144a7562f1}",
            "language": "{6ec3185b-28d6-4e8e-ae4a-1ca64674fddc}",
            "string": "{7e9f1051-1b5a-436a-a1d3-29816f22efa2}"
        },
        {
            "font": "{3e096624-873b-4d5b-b83d-9d144a7562f1}",
            "language": "{6ec3185b-28d6-4e8e-ae4a-1ca64674fddc}",
            "string": "{9007977d-de4c-42cb-a023-6f385a97ad6f}"
        },
        {
            "font": "{3e096624-873b-4d5b-b83d-9d144a7562f1}",
            "language": "{6ec3185b-28d6-4e8e-ae4a-1ca64674fddc}",
            "string": "{9775dd03-4e99-499d-84a2-0b210b0ab52b}"
        },
        {
            "font": "{3e096624-873b-4d5b-b83d-9d144a7562f1}",
            "language": "{6ec3185b-28d6-4e8e-ae4a-1ca64674fddc}",
            "string": "{aa0ba91c-9b3d-4425-b892-47b184689737}"
        },
        {
            "font": "{3e096624-873b-4d5b-b83d-9d144a7562f1}",
            "language": "{6ec3185b-28d6-4e8e-ae4a-1ca64674fddc}",
            "string": "{c46cd540-1580-42bf-9dbf-1a4a5f58609e}"
        },
        {
            "font": "{4b435b15-2f37-48a4-a28f-cac28649e22a}",
            "language": "{6ec3185b-28d6-4e8e-ae4a-1ca64674fddc}",
            "string": "{c51dfbe3-35b1-4f2f-93d0-bcc096fdc1a3}"
        },
        {
            "font": "{4b435b15-2f37-48a4-a28f-cac28649e22a}",
            "language": "{6ec3185b-28d6-4e8e-ae4a-1ca64674fddc}",
            "string": "{d2726cfd-9101-442c-9dc3-5626b482108a}"
        },
        {
            "font": "{3e096624-873b-4d5b-b83d-9d144a7562f1}",
            "language": "{6ec3185b-28d6-4e8e-ae4a-1ca64674fddc}",
            "string": "{d3e4ddaa-5a1f-4162-83cd-e4cff2c7fd52}"
        },
        {
            "font": "{3e096624-873b-4d5b-b83d-9d144a7562f1}",
            "language": "{6ec3185b-28d6-4e8e-ae4a-1ca64674fddc}",
            "string": "{e91d5c02-3670-4653-8170-45118089092e}"
        },
        {
            "font": "{4b435b15-2f37-48a4-a28f-cac28649e22a}",
            "language": "{6ec3185b-28d6-4e8e-ae4a-1ca64674fddc}",
            "string": "{f2b2f94a-3577-423c-a1ea-d0dd3acc044b}"
        },
        {
            "font": "{3e096624-873b-4d5b-b83d-9d144a7562f1}",
            "language": "{6ec3185b-28d6-4e8e-ae4a-1ca64674fddc}",
            "string": "{f7fe2c04-0a58-485d-8245-bd76843f75e4}"
        },
        {
            "font": "{a6226831-de77-4b52-8f1c-4c1bfdfb6fc7}",
            "language": "{6ec3185b-28d6-4e8e-ae4a-1ca64674fddc}",
            "string": "{8fe8cb41-8347-4c8d-a60f-96abb81a6936}"
        }
    ],
    "defaultLanguage": "{6ec3185b-28d6-4e8e-ae4a-1ca64674fddc}",
    "encoding": "ASCII",
    "languages": [
        {
            "properties": {
                "__categories": [
                ],
                "__groups": [
                ],
                "enabled": {
                    "enabled": true,
                    "type": "boolean",
                    "value": true,
                    "visible": true
                },
                "id": {
                    "enabled": true,
                    "type": "uuid",
                    "value": "{6ec3185b-28d6-4e8e-ae4a-1ca64674fddc}",
                    "visible": true
                },
                "name": {
                    "enabled": true,
                    "type": "text",
                    "value": "Default",
                    "visible": true
                }
            }
        }
    ],
    "paths": [
    ],
    "strings": [
        {
            "properties": {
                "__categories": [
                ],
                "__groups": [
                ],
                "description": {
                    "enabled": true,
                    "type": "text",
                    "value": "",
                    "visible": true
                },
                "id": {
                    "enabled": true,
                    "type": "uuid",
                    "value": "{2cc0f08f-d064-4f9b-a11b-91fb074fc9e5}",
                    "visible": true
                },
                "name": {
                    "enabled": true,
                    "type": "text",
                    "value": "InsertUSBDrive",
                    "visible": true
                },
                "path": {
                    "enabled": true,
                    "type": "text",
                    "value": "/",
                    "visible": true
                }
            },
            "values": [
                {
                    "language": "{6ec3185b-28d6-4e8e-ae4a-1ca64674fddc}",
                    "value": "Insert\\nUSB Flash\\nor SD Card"
                }
            ]
        },
        {
            "properties": {
                "__categories": [
                ],
                "__groups": [
                ],
                "description": {
                    "enabled": true,
                    "type": "text",
                    "value": "",
                    "visible": true
                },
                "id": {
                    "enabled": true,
                    "type": "uuid",
                    "value": "{3049617a-553a-4989-a7ac-4ca48ef32ae5}",
                    "visible": true
                },
                "name": {
                    "enabled": true,
                    "type": "text",
                    "value": "Format_RGBA8888",
                    "visible": true
                },
                "path": {
                    "enabled": true,
                    "type": "text",
                    "value": "/",
                    "visible": true
                }
            },
            "values": [
                {
                    "language": "{6ec3185b-28d6-4e8e-ae4a-1ca64674fddc}",
                    "value": "RGBA8888"
                }
            ]
        },
        {
            "properties": {
                "__categories": [
                ],
                "__groups": [
                ],
                "description": {
                    "enabled": true,
                    "type": "text",
                    "value": "",
                    "visible": true
                },
                "id": {
                    "enabled": true,
                    "type": "uuid",
                    "value": "{30eaafca-15a9-4502-a1e5-baeb47bcc743}",
                    "visible": true
                },
                "name": {
                    "enabled": true,
                    "type": "text",
                    "value": "Source_Flash",
                    "visible": true
                },
                "path": {
                    "enabled": true,
                    "type": "text",
                    "value": "/",
                    "visible": true
                }
            },
            "values": [
                {
                    "language": "{6ec3185b-28d6-4e8e-ae4a-1ca64674fddc}",
                    "value": "Flash"
                }
            ]
        },
        {
            "properties": {
                "__categories": [
                ],
                "__groups": [
                ],
                "description": {
                    "enabled": true,
                    "type": "text",
                    "value": "",
                    "visible": true
                },
                "id": {
                    "enabled": true,
                    "type": "uuid",
                    "value": "{36e0fd9e-25a8-4708-b2e4-e4a540066a59}",
                    "visible": true
                },
                "name": {
                    "enabled": true,
                    "type": "text",
                    "value": "CannotOpenString",
                    "visible": true
                },
                "path": {
                    "enabled": true,
                    "type": "text",
                    "value": "/",
                    "visible": true
                }
            },
            "values": [
                {
                    "language": "{6ec3185b-28d6-4e8e-ae4a-1ca64674fddc}",
                    "value": "Cannot open video file"
                }
            ]
        },
        {
            "properties": {
                "__categories": [
                ],
                "__groups": [
                ],
                "description": {
                    "enabled": true,
                    "type": "text",
                    "value": "",
                    "visible": true
                },
                "id": {
                    "enabled": true,
                    "type": "uuid",
                    "value": "{3ad9e9eb-c012-470d-8046-06e33df64e99}",
                    "visible": true
                },
                "name": {
                    "enabled": true,
                    "type": "text",
                    "value": "Size",
                    "visible": true
                },
                "path": {
                    "enabled": true,
                    "type": "text",
                    "value": "/",
                    "visible": true
                }
            },
            "values": [
                {
                    "language": "{6ec3185b-28d6-4e8e-ae4a-1ca64674fddc}",
                    "value": "size"
                }
            ]
        },
        {
            "properties": {
                "__categories": [
                ],
                "__groups": [
                ],
                "description": {
                    "enabled": true,
                    "type": "text",
                    "value": "",
                    "visible": true
                },
                "id": {
                    "enabled": true,
                    "type": "uuid",
                    "value": "{6ce3e1db-74ef-4239-aaf1-66298d5ef9bf}",
                    "visible": true
                },
                "name": {
                    "enabled": true,
                    "type": "text",
                    "value": "Format_RGB565",
                    "visible": true
                },
                "path": {
                    "enabled": true,
                    "type": "text",
                    "value": "/",
                    "visible": true
                }
            },
            "values": [
                {
                    "language": "{6ec3185b-28d6-4e8e-ae4a-1ca64674fddc}",
                    "value": "RGB565"
                }
            ]
        },
        {
            "properties": {
                "__categories": [
                ],
                "__groups": [
                ],
                "description": {
                    "enabled": true,
                    "type": "text",
                    "value": "",
                    "visible": true
                },
                "id": {
                    "enabled": true,
                    "type": "uuid",
                    "value": "{6e015496-88cf-43ff-83cc-47729bb59705}",
                    "visible": true
                },
                "name": {
                    "enabled": true,
                    "type": "text",
                    "value": "FPS_12",
                    "visible": true
                },
                "path": {
                    "enabled": true,
                    "type": "text",
                    "value": "/",
                    "visible": true
                }
            },
            "values": [
                {
                    "language": "{6ec3185b-28d6-4e8e-ae4a-1ca64674fddc}",
                    "value": "12"
                }
            ]
        },
        {
            "properties": {
                "__categories": [
                ],
                "__groups": [
                ],
                "description": {
                    "enabled": true,
                    "type": "text",
                    "value": "",
                    "visible": true
                },
                "id": {
                    "enabled": true,
                    "type": "uuid",
                    "value": "{7e9f1051-1b5a-436a-a1d3-29816f22efa2}",
                    "visible": true
                },
                "name": {
                    "enabled": true,
                    "type": "text",
                    "value": "FPS_8",
                    "visible": true
                },
                "path": {
                    "enabled": true,
                    "type": "text",
                    "value": "/",
                    "visible": true
                }
            },
            "values": [
                {
                    "language": "{6ec3185b-28d6-4e8e-ae4a-1ca64674fddc}",
                    "value": "8"
                }
            ]
        },
        {
            "properties": {
                "__categories": [
                ],
                "__groups": [
                ],
                "description": {
                    "enabled": true,
                    "type": "text",
                    "value": "",
                    "visible": true
                },
                "id": {
                    "enabled": true,
                    "type": "uuid",
                    "value": "{8fe8cb41-8347-4c8d-a60f-96abb81a6936}",
                    "visible": true
                },
                "name": {
                    "enabled": true,
                    "type": "text",
                    "value": "max",
                    "visible": true
                },
                "path": {
                    "enabled": true,
                    "type": "text",
                    "value": "/",
                    "visible": true
                }
            },
            "values": [
                {
                    "language": "{6ec3185b-28d6-4e8e-ae4a-1ca64674fddc}",
                    "value": "max"
                }
            ]
        },
        {
            "properties": {
                "__categories": [
                ],
                "__groups": [
                ],
                "description": {
                    "enabled": true,
                    "type": "text",
                    "value": "",
                    "visible": true
                },
                "id": {
                    "enabled": true,
                    "type": "uuid",
                    "value": "{9007977d-de4c-42cb-a023-6f385a97ad6f}",
                    "visible": true
                },
                "name": {
                    "enabled": true,
                    "type": "text",
                    "value": "Source_SD",
                    "visible": true
                },
                "path": {
                    "enabled": true,
                    "type": "text",
                    "value": "/",
                    "visible": true
                }
            },
            "values": [
                {
                    "language": "{6ec3185b-28d6-4e8e-ae4a-1ca64674fddc}",
                    "value": "SD Card"
                }
            ]
        },
        {
            "properties": {
                "__categories": [
                ],
                "__groups": [
                ],
                "description": {
                    "enabled": true,
                    "type": "text",
                    "value": "",
                    "visible": true
                },
                "id": {
                    "enabled": true,
                    "type": "uuid",
                    "value": "{9775dd03-4e99-499d-84a2-0b210b0ab52b}",
                    "visible": true
                },
                "name": {
                    "enabled": true,
                    "type": "text",
                    "value": "Source_USB",
                    "visible": true
                },
                "path": {
                    "enabled": true,
                    "type": "text",
                    "value": "/",
                    "visible": true
                }
            },
            "values": [
                {
                    "language": "{6ec3185b-28d6-4e8e-ae4a-1ca64674fddc}",
                    "value": "USB Drive"
                }
            ]
        },
        {
            "properties": {
                "__categories": [
                ],
                "__groups": [
                ],
                "description": {
                    "enabled": true,
                    "type": "text",
                    "value": "",
                    "visible": true
                },
                "id": {
                    "enabled": true,
                    "type": "uuid",
                    "value": "{aa0ba91c-9b3d-4425-b892-47b184689737}",
                    "visible": true
                },
                "name": {
                    "enabled": true,
                    "type": "text",
                    "value": "Size_400x240",
                    "visible": true
                },
                "path": {
                    "enabled": true,
                    "type": "text",
                    "value": "/",
                    "visible": true
                }
            },
            "values": [
                {
                    "language": "{6ec3185b-28d6-4e8e-ae4a-1ca64674fddc}",
                    "value": "400x240"
                }
            ]
        },
        {
            "properties": {
                "__categories": [
                ],
                "__groups": [
                ],
                "description": {
                    "enabled": true,
                    "type": "text",
                    "value": "",
                    "visible": true
                },
                "id": {
                    "enabled": true,
                    "type": "uuid",
                    "value": "{c46cd540-1580-42bf-9dbf-1a4a5f58609e}",
                    "visible": true
                },
                "name": {
                    "enabled": true,
                    "type": "text",
                    "value": "FPS_24",
                    "visible": true
                },
                "path": {
                    "enabled": true,
                    "type": "text",
                    "value": "/",
                    "visible": true
                }
            },
            "values": [
                {
                    "language": "{6ec3185b-28d6-4e8e-ae4a-1ca64674fddc}",
                    "value": "24"
                }
            ]
        },
        {
            "properties": {
                "__categories": [
                ],
                "__groups": [
                ],
                "description": {
                    "enabled": true,
                    "type": "text",
                    "value": "",
                    "visible": true
                },
                "id": {
                    "enabled": true,
                    "type": "uuid",
                    "value": "{c51dfbe3-35b1-4f2f-93d0-bcc096fdc1a3}",
                    "visible": true
                },
                "name": {
                    "enabled": true,
                    "type": "text",
                    "value": "Format",
                    "visible": true
                },
                "path": {
                    "enabled": true,
                    "type": "text",
                    "value": "/",
                    "visible": true
                }
            },
            "values": [
                {
                    "language": "{6ec3185b-28d6-4e8e-ae4a-1ca64674fddc}",
                    "value": "format"
                }
            ]
        },
        {
            "properties": {
                "__categories": [
                ],
                "__groups": [
                ],
                "description": {
                    "enabled": true,
                    "type": "text",
                    "value": "",
                    "visible": true
                },
                "id": {
                    "enabled": true,
                    "type": "uuid",
                    "value": "{d2726cfd-9101-442c-9dc3-5626b482108a}",
                    "visible": true
                },
                "name": {
                    "enabled": true,
                    "type": "text",
                    "value": "FrameRate",
                    "visible": true
                },
                "path": {
                    "enabled": true,
                    "type": "text",
                    "value": "/",
                    "visible": true
                }
            },
            "values": [
                {
                    "language": "{6ec3185b-28d6-4e8e-ae4a-1ca64674fddc}",
                    "value": "fps"
                }
            ]
        },
        {
            "properties": {
                "__categories": [
                ],
                "__groups": [
                ],
                "description": {
                    "enabled": true,
                    "type": "text",
                    "value": "",
                    "visible": true
                },
                "id": {
                    "enabled": true,
                    "type": "uuid",
                    "value": "{d3e4ddaa-5a1f-4162-83cd-e4cff2c7fd52}",
                    "visible": true
                },
                "name": {
                    "enabled": true,
                    "type": "text",
                    "value": "NoSelect",
                    "visible": true
                },
                "path": {
                    "enabled": true,
                    "type": "text",
                    "value": "/",
                    "visible": true
                }
            },
            "values": [
                {
                    "language": "{6ec3185b-28d6-4e8e-ae4a-1ca64674fddc}",
                    "value": "---"
                }
            ]
        },
        {
            "properties": {
                "__categories": [
                ],
                "__groups": [
                ],
                "description": {
                    "enabled": true,
                    "type": "text",
                    "value": "",
                    "visible": true
                },
                "id": {
                    "enabled": true,
                    "type": "uuid",
                    "value": "{e91d5c02-3670-4653-8170-45118089092e}",
                    "visible": true
                },
                "name": {
                    "enabled": true,
                    "type": "text",
                    "value": "Size_800x480",
                    "visible": true
                },
                "path": {
                    "enabled": true,
                    "type": "text",
                    "value": "/",
                    "visible": true
                }
            },
            "values": [
                {
                    "language": "{6ec3185b-28d6-4e8e-ae4a-1ca64674fddc}",
                    "value": "800x480"
                }
            ]
        },
        {
            "properties": {
                "__categories": [
                ],
                "__groups": [
                ],
                "description": {
                    "enabled": true,
                    "type": "text",
                    "value": "",
                    "visible": true
                },
                "id": {
                    "enabled": true,
                    "type": "uuid",
                    "value": "{f2b2f94a-3577-423c-a1ea-d0dd3acc044b}",
                    "visible": true
                },
                "name": {
                    "enabled": true,
                    "type": "text",
                    "value": "Media",
                    "visible": true
                },
                "path": {
                    "enabled": true,
                    "type": "text",
                    "value": "/",
                    "visible": true
                }
            },
            "values": [
                {
                    "language": "{6ec3185b-28d6-4e8e-ae4a-1ca64674fddc}",
                    "value": "media"
                }
            ]
        },
        {
            "properties": {
                "__categories": [
                ],
                "__groups": [
                ],
                "description": {
                    "enabled": true,
                    "type": "text",
                    "value": "",
                    "visible": true
                },
                "id": {
                    "enabled": true,
                    "type": "uuid",
                    "value": "{f7fe2c04-0a58-485d-8245-bd76843f75e4}",
                    "visible": true
                },
                "name": {
                    "enabled": true,
                    "type": "text",
                    "value": "Size_320x240",
                    "visible": true
                },
                "path": {
                    "enabled": true,
                    "type": "text",
                    "value": "/",
                    "visible": true
                }
            },
            "values": [
                {
                    "language": "{6ec3185b-28d6-4e8e-ae4a-1ca64674fddc}",
                    "value": "320x240"
                }
            ]
        }
    ]
}
