{
    "images": [
        {
            "id": "{4fdc33fa-61d3-4fc1-ac22-07b3cb000003}",
            "name": "n_02_84_240",
            "type": "RGB"
        },
        {
            "id": "{46c59cc7-5f57-4aa6-b902-73fecc35b6e5}",
            "name": "n_04_85_242",
            "type": "RGB"
        },
        {
            "id": "{59346429-124b-4a47-aeba-f80068fe9a33}",
            "name": "n_06_84_244",
            "type": "RGB"
        },
        {
            "id": "{a6c575e0-b84b-4327-84ed-3bf73a4446c1}",
            "name": "n_08_88_246",
            "type": "RGB"
        },
        {
            "id": "{8e383b4b-047d-49e4-8a59-031062324517}",
            "name": "n_10_89_248",
            "type": "RGB"
        },
        {
            "id": "{9cd3d900-f1f8-4b23-ac58-f830cfe45bd3}",
            "name": "n_12_91_250",
            "type": "RGB"
        },
        {
            "id": "{af2d3451-a878-490c-9ff6-38172980d448}",
            "name": "n_14_90_251",
            "type": "RGB"
        },
        {
            "id": "{568b6b3a-8c00-400f-9343-515acb2d6e7e}",
            "name": "n_16_92_254",
            "type": "RGB"
        },
        {
            "id": "{1caa86a4-eb70-4bac-a32c-25eea6a0fdfc}",
            "name": "n_18_93_256",
            "type": "RGB"
        },
        {
            "id": "{7967d383-21e0-406d-8f1f-6c232104bf7c}",
            "name": "n_20_95_258",
            "type": "RGB"
        },
        {
            "id": "{e8590850-c5c1-424a-a7cb-26eb908cc110}",
            "name": "n_22_98_259",
            "type": "RGB"
        },
        {
            "id": "{e896fbfd-336c-45c1-bb1d-891520767dc9}",
            "name": "n_24_99_262",
            "type": "RGB"
        },
        {
            "id": "{07a01261-07ff-4ec4-977a-6f4c19d573d7}",
            "name": "n_26_97_255",
            "type": "RGB"
        },
        {
            "id": "{02e7bf4e-57a4-4547-8730-daf802ef17b6}",
            "name": "n_28_104_257",
            "type": "RGB"
        },
        {
            "id": "{a975fae7-bdaa-4746-9470-0b956296ad4f}",
            "name": "n_30_106_259",
            "type": "RGB"
        },
        {
            "id": "{aaed4db4-26df-4a30-90fc-5632f0cc7694}",
            "name": "n_32_108_261",
            "type": "RGB"
        },
        {
            "id": "{3add2f19-4064-4c21-bc6f-d399ab998388}",
            "name": "n_34_110_264",
            "type": "RGB"
        },
        {
            "id": "{e6fe13b2-be9b-4fa9-b210-51161921f575}",
            "name": "n_36_111_273",
            "type": "RGB"
        },
        {
            "id": "{4db68bc7-4042-46c5-976d-6b1efaa5a3f4}",
            "name": "n_38_117_275",
            "type": "RGB"
        },
        {
            "id": "{e5455445-9ca7-46f6-b06c-d146789536d9}",
            "name": "n_40_120_277",
            "type": "RGB"
        },
        {
            "id": "{41b2d728-ac22-4038-97fd-543e8c009eb8}",
            "name": "n_42_121_280",
            "type": "RGB"
        },
        {
            "id": "{0ece5e59-5d6a-4ad8-83ef-684e7d93defc}",
            "name": "n_44_125_280",
            "type": "RGB"
        },
        {
            "id": "{ed43d6fb-7adf-418f-80d4-dd02ebfee4b5}",
            "name": "n_46_127_280",
            "type": "RGB"
        },
        {
            "id": "{587dddda-dd07-4cee-a389-51cf798e4288}",
            "name": "n_48_129_282",
            "type": "RGB"
        },
        {
            "id": "{0c7474a7-374e-427f-847c-8c7123917a79}",
            "name": "n_50_136_285",
            "type": "RGB"
        },
        {
            "id": "{e1fdb3d0-6959-4520-97ed-ee3356f12e91}",
            "name": "n_52_140_285",
            "type": "RGB"
        },
        {
            "id": "{ed44a663-a477-4ac1-adbb-0ddb07e7a914}",
            "name": "n_54_140_286",
            "type": "RGB"
        },
        {
            "id": "{0df00360-ea52-442a-8555-dcbc7ffde6ac}",
            "name": "n_56_147_287",
            "type": "RGB"
        },
        {
            "id": "{3ef1f4e5-032d-4a07-b013-fd4a4730e473}",
            "name": "n_58_150_289",
            "type": "RGB"
        },
        {
            "id": "{58c28046-16dc-4937-9950-0f0852f8238d}",
            "name": "n_60_151_289",
            "type": "RGB"
        },
        {
            "id": "{55618f9e-59c1-4ad5-940a-97f9e6f9cdb3}",
            "name": "n_62_159_292",
            "type": "RGB"
        },
        {
            "id": "{06fdbf86-c6fd-4964-9bd0-1c80d03ff653}",
            "name": "n_64_163_293",
            "type": "RGB"
        },
        {
            "id": "{073d81f4-76a2-4027-b849-8ff64f404488}",
            "name": "n_66_167_294",
            "type": "RGB"
        },
        {
            "id": "{fdf34bc1-dabd-450c-9028-9dd8e6b66daa}",
            "name": "n_68_16_295",
            "type": "RGB"
        },
        {
            "id": "{84f03e46-5e4b-4283-a027-c3d86e183895}",
            "name": "n_70_175_295",
            "type": "RGB"
        },
        {
            "id": "{6bc75eab-af1c-475d-bcdb-ced545d51d60}",
            "name": "n_72_180_296",
            "type": "RGB"
        },
        {
            "id": "{0ec8530a-9ff0-4054-8e5a-c2b98b7eb202}",
            "name": "n_74_184_296",
            "type": "RGB"
        },
        {
            "id": "{20da0398-fe21-473c-b7ce-12ee51b82881}",
            "name": "n_76_188_297",
            "type": "RGB"
        },
        {
            "id": "{b42e6300-f83d-41b8-8854-7426dfa1956c}",
            "name": "n_78_193_297",
            "type": "RGB"
        },
        {
            "id": "{8be02747-8b34-4a1b-96c5-51ccd658ca42}",
            "name": "n_80_197_299",
            "type": "RGB"
        },
        {
            "id": "{81fc631e-7d9f-4701-980d-b3611f8042df}",
            "name": "n_82_200_300",
            "type": "RGB"
        },
        {
            "id": "{a6397213-7adf-4505-881d-366b56a26cd3}",
            "name": "n_84_206_301",
            "type": "RGB"
        },
        {
            "id": "{e69f0836-3421-428c-8cf7-3d5b072f56ce}",
            "name": "n_86_211_301",
            "type": "RGB"
        },
        {
            "id": "{f97cbacc-6296-43f9-8d8b-df4bcab6e2ec}",
            "name": "n_88_214_302",
            "type": "RGB"
        },
        {
            "id": "{b56a2a64-bd77-4f35-8eaf-bae063287296}",
            "name": "n_90_217_301",
            "type": "RGB"
        },
        {
            "id": "{8922e177-ea1a-486e-ae0d-587177930f79}",
            "name": "n000_88_238",
            "type": "RGB"
        },
        {
            "id": "{0975ef98-769c-4b9c-bdeb-800830dbf4c1}",
            "name": "n002_88_233",
            "type": "RGB"
        },
        {
            "id": "{56070922-8549-429c-b05a-9e7a4edbc087}",
            "name": "n004_89_228",
            "type": "RGB"
        },
        {
            "id": "{496efd0b-e3e6-4cdd-b69b-3ffa186c1e66}",
            "name": "n006_88_223",
            "type": "RGB"
        },
        {
            "id": "{8b80fd98-9f86-42cf-b5c5-d52b2b7277e0}",
            "name": "n008_89_219",
            "type": "RGB"
        },
        {
            "id": "{c9bc74e2-2ab2-4b94-849f-1046e878d6b0}",
            "name": "n010_89_214",
            "type": "RGB"
        },
        {
            "id": "{4b93b722-ca3a-4012-a2e6-1f45a1ccd501}",
            "name": "n012_90_210",
            "type": "RGB"
        },
        {
            "id": "{31eebc21-7a50-4aeb-862a-3e75de20297a}",
            "name": "n014_91_209",
            "type": "RGB"
        },
        {
            "id": "{076665ec-06dd-42ca-b66a-06e9d3dbad90}",
            "name": "n016_89_205",
            "type": "RGB"
        },
        {
            "id": "{b0168208-72b5-4a9e-aa6c-c589b49e820e}",
            "name": "n018_91_200",
            "type": "RGB"
        },
        {
            "id": "{ab6ce443-3c2f-4621-8df7-959240e72ba9}",
            "name": "n020_92_196",
            "type": "RGB"
        },
        {
            "id": "{49c71f4f-013d-447f-830b-d0ca618c3695}",
            "name": "n022_94_191",
            "type": "RGB"
        },
        {
            "id": "{06613591-53d8-4c9f-a0f9-21af3cf119d8}",
            "name": "n024_96_187",
            "type": "RGB"
        },
        {
            "id": "{19d4a9ec-77a1-4b62-8e74-7c8c334c2ea5}",
            "name": "n026_97_183",
            "type": "RGB"
        },
        {
            "id": "{a5334f60-1152-4b98-8c61-adede678efa4}",
            "name": "n028_100_177",
            "type": "RGB"
        },
        {
            "id": "{dda96c71-9d23-432c-bda7-d49a54cc56da}",
            "name": "n030_102_173",
            "type": "RGB"
        },
        {
            "id": "{39d15da5-c76f-4c6e-815d-396b969bf31a}",
            "name": "n032_104_170",
            "type": "RGB"
        },
        {
            "id": "{a1e48e1d-102a-4d22-87ac-6d70eaf11c9a}",
            "name": "n034_107_167",
            "type": "RGB"
        },
        {
            "id": "{dfc95729-9482-4d0c-8218-84d79c29b935}",
            "name": "n036_110_163",
            "type": "RGB"
        },
        {
            "id": "{b3f2b70f-e2e3-4a17-8185-f7184024cca6}",
            "name": "n038_112_159",
            "type": "RGB"
        },
        {
            "id": "{2a65b0ea-076c-4cce-9d99-26877da9fc67}",
            "name": "n040_115_155",
            "type": "RGB"
        },
        {
            "id": "{c4406c75-f3a7-4d9e-952a-d9e3048d64b5}",
            "name": "n042_118_152",
            "type": "RGB"
        },
        {
            "id": "{adc6301b-ccd5-4502-9b85-391cdb6a8b9b}",
            "name": "n044_121_149",
            "type": "RGB"
        },
        {
            "id": "{8b5b083d-8ceb-4c74-b65f-d9940552a577}",
            "name": "n046_125_145",
            "type": "RGB"
        },
        {
            "id": "{b8403490-9b24-4970-99f0-edc1cf5d6a9c}",
            "name": "n048_128_142",
            "type": "RGB"
        },
        {
            "id": "{ab16de12-17db-4e52-b77e-b964daf04c5a}",
            "name": "n050_132_139",
            "type": "RGB"
        },
        {
            "id": "{2c882d83-3dc0-4e4c-8050-22ab08783501}",
            "name": "n052_135_136",
            "type": "RGB"
        },
        {
            "id": "{0511f23b-9a81-41ad-a945-c771b8400757}",
            "name": "n054_138_154",
            "type": "RGB"
        },
        {
            "id": "{04f10cf1-7698-4c7e-abb7-101fdd0013ae}",
            "name": "n056_142_131",
            "type": "RGB"
        },
        {
            "id": "{8c9994c1-e372-4518-a903-c4fc78cd7d5c}",
            "name": "n058_146_128",
            "type": "RGB"
        },
        {
            "id": "{8d18e65c-d353-46bb-8d4f-ff0ba4aed4c5}",
            "name": "n060_149_126",
            "type": "RGB"
        },
        {
            "id": "{329786cc-dbf4-44f2-8a93-8059fd64ec1d}",
            "name": "n062_153_123",
            "type": "RGB"
        },
        {
            "id": "{d4daca24-82e6-4272-a919-faacdbc78300}",
            "name": "n064_157_121",
            "type": "RGB"
        },
        {
            "id": "{88c80750-4fcc-431f-aabd-fe014e9adef0}",
            "name": "n066_161_118",
            "type": "RGB"
        },
        {
            "id": "{1b538720-7dc7-4b2f-a839-c558ffe46b0b}",
            "name": "n068_165_116",
            "type": "RGB"
        },
        {
            "id": "{d7469b6c-7850-4609-ae85-f4bf4571e369}",
            "name": "n070_170_115",
            "type": "RGB"
        },
        {
            "id": "{6ea4bf13-8494-40a3-895d-99d732fe5570}",
            "name": "n072_174_113",
            "type": "RGB"
        },
        {
            "id": "{0832ead0-b1ee-4ca4-9d9c-336868a9e9f1}",
            "name": "n074_177_110",
            "type": "RGB"
        },
        {
            "id": "{85d5f5d4-b46c-4c79-a368-2de05b5ebcf6}",
            "name": "n076_182_110",
            "type": "RGB"
        },
        {
            "id": "{5763e56c-3239-40fb-8dde-0e2ef432d90b}",
            "name": "n078_187_109",
            "type": "RGB"
        },
        {
            "id": "{d5fd6486-c8ef-4cd2-884e-b788f198e0a4}",
            "name": "n080_191_108",
            "type": "RGB"
        },
        {
            "id": "{66eaf680-fe62-4aa4-bd4e-3096f3c6285c}",
            "name": "n082_196_107",
            "type": "RGB"
        },
        {
            "id": "{9d79bc5e-f70d-4281-ae51-726906c2389d}",
            "name": "n084_200_106",
            "type": "RGB"
        },
        {
            "id": "{ac20f2f7-cac2-4fe4-9418-565fea088551}",
            "name": "n086_205_106",
            "type": "RGB"
        },
        {
            "id": "{abbf648e-8688-4269-a93b-5da68f126728}",
            "name": "n088_207_105",
            "type": "RGB"
        },
        {
            "id": "{3c511467-7774-4d52-921c-ddfa8f70813d}",
            "name": "n090_210_106",
            "type": "RGB"
        },
        {
            "id": "{5738b970-d87a-4000-9a9d-b94e1a14da4f}",
            "name": "n000_627_238",
            "type": "RGB"
        },
        {
            "id": "{87ad4561-5460-4137-a61a-75e79cffd60e}",
            "name": "n002_626_235",
            "type": "RGB"
        },
        {
            "id": "{620f5239-2ef5-4b9b-8b61-789a08ae73f6}",
            "name": "n004_626_232",
            "type": "RGB"
        },
        {
            "id": "{9bc1daf9-f5c1-42d3-95d0-bdc1769d5086}",
            "name": "n006_626_227",
            "type": "RGB"
        },
        {
            "id": "{481f893e-20d5-4628-8f6e-dc232b05d94f}",
            "name": "n008_625_223",
            "type": "RGB"
        },
        {
            "id": "{5b21eed9-55d9-42cc-8db5-f7d019a3b07c}",
            "name": "n010_624_218",
            "type": "RGB"
        },
        {
            "id": "{2437810e-0323-4664-942e-da71301679dc}",
            "name": "n012_624_213",
            "type": "RGB"
        },
        {
            "id": "{88101951-3a7e-4fcb-ae22-69fb5fbba20b}",
            "name": "n014_623_209",
            "type": "RGB"
        },
        {
            "id": "{e57938dd-6c94-4075-a388-db35ecebbf19}",
            "name": "n016_625_205",
            "type": "RGB"
        },
        {
            "id": "{325fe89a-8c38-49c4-b4b9-68c46353edc1}",
            "name": "n018_625_200",
            "type": "RGB"
        },
        {
            "id": "{a7aaa705-12d8-4ad8-aedb-8018aa71da71}",
            "name": "n020_624_196",
            "type": "RGB"
        },
        {
            "id": "{bcbef9d5-ccef-4754-b22a-88a66e6de199}",
            "name": "n022_623_191",
            "type": "RGB"
        },
        {
            "id": "{61fb9409-a67e-4224-9141-5627623d25ba}",
            "name": "n024_622_186",
            "type": "RGB"
        },
        {
            "id": "{df91ae71-4987-4ae0-9ae6-b81194410651}",
            "name": "n026_621_183",
            "type": "RGB"
        },
        {
            "id": "{5d9a5b25-a313-44c4-bf7c-ae94c1e7a017}",
            "name": "n028_620_177",
            "type": "RGB"
        },
        {
            "id": "{a3aa62f2-615b-4480-b750-31041994339e}",
            "name": "n030_618_174",
            "type": "RGB"
        },
        {
            "id": "{065afbce-72ae-474f-96d3-a09e7b05de21}",
            "name": "n032_617_170",
            "type": "RGB"
        },
        {
            "id": "{41b59c6d-ac03-4dc6-abbe-319b0a80901c}",
            "name": "n034_616_166",
            "type": "RGB"
        },
        {
            "id": "{a0885990-fe2b-4d30-a189-c50c4406a8b4}",
            "name": "n036_615_163",
            "type": "RGB"
        },
        {
            "id": "{b2b0ad90-1772-4696-9a70-dd8d70ad6669}",
            "name": "n038_613_159",
            "type": "RGB"
        },
        {
            "id": "{88682107-fa3c-46cb-9ea1-413531d17580}",
            "name": "n040_612_155",
            "type": "RGB"
        },
        {
            "id": "{e1b9a7ae-f990-490b-b49f-edf7cf398f00}",
            "name": "n042_610_152",
            "type": "RGB"
        },
        {
            "id": "{0b805fb0-8c52-4e95-bd3f-cafa11fab35f}",
            "name": "n044_608_149",
            "type": "RGB"
        },
        {
            "id": "{3e4bcde7-07df-4a93-9cd1-1696532406e7}",
            "name": "n046_607_145",
            "type": "RGB"
        },
        {
            "id": "{f9318bb7-7247-48de-8c41-168839e5aa80}",
            "name": "n048_605_142",
            "type": "RGB"
        },
        {
            "id": "{78ebaba8-b379-4679-9c8f-81c7d193500e}",
            "name": "n050_603_139",
            "type": "RGB"
        },
        {
            "id": "{9ac68710-2b52-4c58-a7d2-78fb8704d112}",
            "name": "n052_602_136",
            "type": "RGB"
        },
        {
            "id": "{80b9409a-781f-442e-bad8-b69a1bcb39d9}",
            "name": "n054_601_134",
            "type": "RGB"
        },
        {
            "id": "{ee97f5fd-8519-438d-ad4b-0de89c6e9332}",
            "name": "n056_599_131",
            "type": "RGB"
        },
        {
            "id": "{f82a4c28-d9e1-41d9-b72b-5a44d39b39a1}",
            "name": "n058_597_128",
            "type": "RGB"
        },
        {
            "id": "{b5fe3b4d-9e61-46a7-8e0b-d35daac0d93b}",
            "name": "n060_596_125",
            "type": "RGB"
        },
        {
            "id": "{d85e0681-732b-4a9e-be49-b01575089e51}",
            "name": "n062_594_123",
            "type": "RGB"
        },
        {
            "id": "{599e1af3-2954-4354-a350-04ec97f1c1e5}",
            "name": "n064_592_121",
            "type": "RGB"
        },
        {
            "id": "{c2c5030d-5611-40c3-85d7-e76f2d55b5e4}",
            "name": "n066_590_118",
            "type": "RGB"
        },
        {
            "id": "{2b6d490b-5c4d-40ac-b434-801408556b31}",
            "name": "n068_588_116",
            "type": "RGB"
        },
        {
            "id": "{b4fdf271-adbf-42ca-8841-d6dfb3b87d87}",
            "name": "n070_586_115",
            "type": "RGB"
        },
        {
            "id": "{dab1b5a0-d94e-4633-86f2-f4b74ca22007}",
            "name": "n072_584_113",
            "type": "RGB"
        },
        {
            "id": "{3d2e28dc-3a39-410b-b119-c46d5aa61d04}",
            "name": "n074_583_111",
            "type": "RGB"
        },
        {
            "id": "{11190775-8863-4c0b-aed6-3a95eeab2702}",
            "name": "n076_581_110",
            "type": "RGB"
        },
        {
            "id": "{76fd1600-6c9a-472d-972c-23b7234f82e0}",
            "name": "n078_577_109",
            "type": "RGB"
        },
        {
            "id": "{3e2bcff3-aaca-4f9f-b1d4-61c71b1ab755}",
            "name": "n080_576_108",
            "type": "RGB"
        },
        {
            "id": "{1dbcee98-dc61-4e8e-bf83-1a504005b4b4}",
            "name": "n082_576_107",
            "type": "RGB"
        },
        {
            "id": "{373c14ad-4383-4ce7-b6f8-5c27f7a62743}",
            "name": "n084_571_106",
            "type": "RGB"
        },
        {
            "id": "{226782a8-5c0c-4fc3-a7ae-07a2b23843e0}",
            "name": "n086_570_106",
            "type": "RGB"
        },
        {
            "id": "{9d1a3afc-2f7f-473f-af91-829ec7ca9a3b}",
            "name": "n088_569_105",
            "type": "RGB"
        },
        {
            "id": "{b45dbf49-b952-4238-9a12-a62902b31197}",
            "name": "n090_567_105",
            "type": "RGB"
        },
        {
            "id": "{d093b07d-7cc9-4090-b7b2-1529d69083cf}",
            "name": "n270_559_301",
            "type": "RGB"
        },
        {
            "id": "{01f32312-8f08-4401-abdf-a8fbb914aefc}",
            "name": "n272_562_302",
            "type": "RGB"
        },
        {
            "id": "{27fa70ad-47b7-4f6e-971a-5f139c6b1c5a}",
            "name": "n274_564_301",
            "type": "RGB"
        },
        {
            "id": "{5769d0dd-b12f-4f5e-9782-c385fa36a9dc}",
            "name": "n276_566_301",
            "type": "RGB"
        },
        {
            "id": "{13d192b3-5f3b-485d-956b-e6f7207a2e4b}",
            "name": "n278_569_300",
            "type": "RGB"
        },
        {
            "id": "{d5066b76-1ccb-429b-b06e-056184313b68}",
            "name": "n280_570_299",
            "type": "RGB"
        },
        {
            "id": "{ff791dd2-8340-4737-a4a9-06e357dd34d6}",
            "name": "n282_572_298",
            "type": "RGB"
        },
        {
            "id": "{fdc71b42-1b4f-4d9f-961d-7bff703fff72}",
            "name": "n284_574_297",
            "type": "RGB"
        },
        {
            "id": "{6ac97f26-1fe6-41c9-bb70-b8ceb2270aa4}",
            "name": "n286_576_297",
            "type": "RGB"
        },
        {
            "id": "{3a6e3e09-6c75-4a9d-a03d-d232392256e7}",
            "name": "n288_578_296",
            "type": "RGB"
        },
        {
            "id": "{5f034dde-ebc6-4df4-8232-fe346b2a2313}",
            "name": "n290_580_295",
            "type": "RGB"
        },
        {
            "id": "{c5d03359-14f2-4f73-a48d-0ae2a36fe71e}",
            "name": "n292_582_295",
            "type": "RGB"
        },
        {
            "id": "{840e4427-8981-4846-94c8-363ed16f6574}",
            "name": "n294_583_294",
            "type": "RGB"
        },
        {
            "id": "{e4ffc1dd-17b8-486d-86dc-6499e3bc362f}",
            "name": "n296_585_293",
            "type": "RGB"
        },
        {
            "id": "{5c2ad785-b099-45e6-80ae-b7ba293617d1}",
            "name": "n298_587_292",
            "type": "RGB"
        },
        {
            "id": "{9673fb65-fcb2-4dbe-95e1-c085f020c2d3}",
            "name": "n300_587_290",
            "type": "RGB"
        },
        {
            "id": "{91080c4e-2536-4a15-9f62-7bd1b367483f}",
            "name": "n302_591_290",
            "type": "RGB"
        },
        {
            "id": "{f068bcf1-89ac-4c9c-bf59-148ecbafd584}",
            "name": "n304_592_288",
            "type": "RGB"
        },
        {
            "id": "{2d38db84-d02a-40bf-9042-cb49b7dbd323}",
            "name": "n306_595_287",
            "type": "RGB"
        },
        {
            "id": "{0c4dba2d-dc0c-47ec-bef2-0fe4e10ae7da}",
            "name": "n308_597_285",
            "type": "RGB"
        },
        {
            "id": "{8fdf9d0f-2b9c-4fb6-9a54-b12020c3e91c}",
            "name": "n310_599_285",
            "type": "RGB"
        },
        {
            "id": "{30b85067-1452-46a3-8fed-371a4d50a91a}",
            "name": "n312_597_282",
            "type": "RGB"
        },
        {
            "id": "{ddc45f29-3366-45b6-ba88-3212111487d1}",
            "name": "n314_602_282",
            "type": "RGB"
        },
        {
            "id": "{a1c6a678-f31d-47b1-a136-98eeb74e33d5}",
            "name": "n316_604_280",
            "type": "RGB"
        },
        {
            "id": "{b1d866e0-b2ac-4e5d-b1df-5eac6b4e514e}",
            "name": "n318_606_280",
            "type": "RGB"
        },
        {
            "id": "{dc7cced8-ef1f-4d8b-89df-a33ab4165d7e}",
            "name": "n320_607_277",
            "type": "RGB"
        },
        {
            "id": "{23b24a46-95cf-4d93-8a80-2a932925f4f3}",
            "name": "n322_608_275",
            "type": "RGB"
        },
        {
            "id": "{962ff09b-cf98-4961-a6ba-1b5c0a0099b9}",
            "name": "n324_611_274",
            "type": "RGB"
        },
        {
            "id": "{d282547e-8c0a-4d0a-b802-181cd0d79e34}",
            "name": "n326_613_271",
            "type": "RGB"
        },
        {
            "id": "{5be521e7-831a-4804-a548-85feb48862eb}",
            "name": "n328_611_271",
            "type": "RGB"
        },
        {
            "id": "{c41a86b2-6c1b-42ca-ae98-32331173c8a7}",
            "name": "n330_613_269",
            "type": "RGB"
        },
        {
            "id": "{b1e00bff-1a6c-47b7-b243-eaab525c1659}",
            "name": "n332_615_266",
            "type": "RGB"
        },
        {
            "id": "{193d89cc-d132-4ac5-b935-18c6c12c88e0}",
            "name": "n334_620_264",
            "type": "RGB"
        },
        {
            "id": "{fde81465-32af-436c-aabc-4226a930d1cf}",
            "name": "n336_617_262",
            "type": "RGB"
        },
        {
            "id": "{21a2ef9a-9abf-46b1-8caf-0252682f36f9}",
            "name": "n338_618_259",
            "type": "RGB"
        },
        {
            "id": "{89cb279f-b876-44ef-ac20-e83652db0c47}",
            "name": "n340_621_259",
            "type": "RGB"
        },
        {
            "id": "{5d0bf609-4e11-4b6e-a433-9434331f02e7}",
            "name": "n342_622_256",
            "type": "RGB"
        },
        {
            "id": "{65d8794b-fa72-4a1c-a6c4-a93427198f99}",
            "name": "n344_623_254",
            "type": "RGB"
        },
        {
            "id": "{8c4b355a-73ac-4425-81d2-4129d5b1d181}",
            "name": "n346_619_251",
            "type": "RGB"
        },
        {
            "id": "{394ce859-fdaf-4823-97c5-a42a36cdcf19}",
            "name": "n348_624_250",
            "type": "RGB"
        },
        {
            "id": "{3e36825a-d88b-4284-8128-6d942c28e192}",
            "name": "n350_625_248",
            "type": "RGB"
        },
        {
            "id": "{b861458e-7df6-4656-b4e9-f1418c28cdd7}",
            "name": "n352_625_246",
            "type": "RGB"
        },
        {
            "id": "{074e0f07-5e7d-446a-9c0f-0ea7bd1072ce}",
            "name": "n354_629_244",
            "type": "RGB"
        },
        {
            "id": "{24e5b2e2-7250-471a-a441-cfa3eac6e1af}",
            "name": "n356_629_242",
            "type": "RGB"
        },
        {
            "id": "{314c909e-4ba0-4ab6-ac42-e59a1d4c2978}",
            "name": "n358_629_240",
            "type": "RGB"
        },
        {
            "id": "{a981f58d-dfd5-42a6-805d-f96500270dda}",
            "name": "MHGC_200x200_white",
            "type": "RGB"
        },
        {
            "id": "{66b0ae0c-8b68-461c-9fb4-db293474f928}",
            "name": "rpm_background",
            "type": "RGB"
        },
        {
            "id": "{9be35b85-fe39-47d5-895b-ab6f732667ca}",
            "name": "speedo_background",
            "type": "RGB"
        },
        {
            "id": "{f8811a07-b836-41fd-9443-7c4721e7f367}",
            "name": "mchp_logo2",
            "type": "RGB"
        }
    ],
    "paths": [
    ]
}
