{
    "0": {
        "advance": 57,
        "bearingX": 4,
        "bearingY": 73,
        "codePoint": 48,
        "height": 74,
        "width": 49
    },
    "1": {
        "advance": 57,
        "bearingX": 8,
        "bearingY": 72,
        "codePoint": 49,
        "height": 72,
        "width": 30
    },
    "2": {
        "advance": 57,
        "bearingX": 4,
        "bearingY": 73,
        "codePoint": 50,
        "height": 73,
        "width": 49
    },
    "3": {
        "advance": 57,
        "bearingX": 4,
        "bearingY": 73,
        "codePoint": 51,
        "height": 74,
        "width": 48
    },
    "4": {
        "advance": 57,
        "bearingX": 2,
        "bearingY": 72,
        "codePoint": 52,
        "height": 72,
        "width": 54
    },
    "5": {
        "advance": 57,
        "bearingX": 5,
        "bearingY": 72,
        "codePoint": 53,
        "height": 73,
        "width": 47
    },
    "6": {
        "advance": 57,
        "bearingX": 4,
        "bearingY": 73,
        "codePoint": 54,
        "height": 74,
        "width": 49
    },
    "7": {
        "advance": 57,
        "bearingX": 3,
        "bearingY": 72,
        "codePoint": 55,
        "height": 72,
        "width": 50
    },
    "8": {
        "advance": 57,
        "bearingX": 4,
        "bearingY": 73,
        "codePoint": 56,
        "height": 74,
        "width": 49
    },
    "9": {
        "advance": 57,
        "bearingX": 4,
        "bearingY": 73,
        "codePoint": 57,
        "height": 74,
        "width": 49
    }
}
