{
    "images": [
        {
            "id": "{ccf46a82-e9f7-44ea-a7f6-37c279c42b00}",
            "name": "RAW_GFX_mchp_200x200",
            "type": "RGB"
        },
        {
            "id": "{5a3bde09-dc1c-405b-8a32-55988ea830d5}",
            "name": "RAW_GFX_mchp_480x270",
            "type": "RGB"
        },
        {
            "id": "{fd3f4200-cf68-4300-8338-1a1e3576eac5}",
            "name": "RAW_GFX_mplab_200x200",
            "type": "RGB"
        },
        {
            "id": "{e6724ff4-f698-4306-83de-87ff588e153a}",
            "name": "RAW_GFX_mplab_480x270",
            "type": "RGB"
        },
        {
            "id": "{08692a19-5772-4125-b768-30c4c5499db6}",
            "name": "RAW_GFX_mchp_100x100",
            "type": "RGB"
        },
        {
            "id": "{032a462f-1c6a-40fb-8065-951f0279fc58}",
            "name": "RAW_GFX_mchp_40x40",
            "type": "RGB"
        },
        {
            "id": "{1d2b331b-a5ab-48dd-a67e-730335f59df6}",
            "name": "RAW_GFX_mplab_100x100",
            "type": "RGB"
        },
        {
            "id": "{db702c82-9ab9-4967-a792-557d3f0fbc94}",
            "name": "RAW_GFX_mplab_40x40",
            "type": "RGB"
        },
        {
            "id": "{601aeb79-6e8d-49df-a36d-b8afbe418fb0}",
            "name": "RAWRLE_GFX_mchp_100x100",
            "type": "RGB"
        },
        {
            "id": "{9e12daa2-5a76-4729-8ec4-6edc17f53b2f}",
            "name": "RAWRLE_GFX_mchp_200x200",
            "type": "RGB"
        },
        {
            "id": "{de6b9d5c-9a3e-4313-aebf-4f0b157db063}",
            "name": "RAWRLE_GFX_mchp_40x40",
            "type": "RGB"
        },
        {
            "id": "{74a9a46e-4fc7-46cf-b5ea-b7d91da3588b}",
            "name": "RAWRLE_GFX_mchp_480x270",
            "type": "RGB"
        },
        {
            "id": "{5c94f6b0-aef0-48f6-b878-2fb9780d7e04}",
            "name": "RAWRLE_GFX_mplab_100x100",
            "type": "RGB"
        },
        {
            "id": "{f133f996-36c5-4ad9-a0a2-1885e21397e0}",
            "name": "RAWRLE_GFX_mplab_200x200",
            "type": "RGB"
        },
        {
            "id": "{dea0393b-8baa-42d9-884d-f6d73d540aaf}",
            "name": "RAWRLE_GFX_mplab_40x40",
            "type": "RGB"
        },
        {
            "id": "{3cb49c36-51c0-4096-8cbb-f5de773afa53}",
            "name": "RAWRLE_GFX_mplab_480x270",
            "type": "RGB"
        },
        {
            "id": "{63192571-6e96-45e9-a4a5-3bd9b81f06de}",
            "name": "Bar",
            "type": "RGB"
        },
        {
            "id": "{88161cdb-9207-4777-94aa-0593172303c4}",
            "name": "PNG_HarmonyLogo",
            "type": "RGB"
        },
        {
            "id": "{7dfea802-2cee-43ed-9643-7db560d5ca4e}",
            "name": "MicrochipLogo",
            "type": "RGB"
        },
        {
            "id": "{436ebcc4-2ec1-4b3d-8850-1ee40b34f9ef}",
            "name": "PIC32Logo",
            "type": "RGB"
        },
        {
            "id": "{3fa2dbb8-0e68-4bb2-baac-414844a87fe6}",
            "name": "PNG_GFX_mchp_100x100",
            "type": "RGB"
        },
        {
            "id": "{05a87f67-c7e9-4e6f-b03f-0ef91fc232b6}",
            "name": "PNG_GFX_mchp_40x40",
            "type": "RGB"
        },
        {
            "id": "{ac9a328e-e700-46aa-b44c-c12036d5deab}",
            "name": "PNG_GFX_mplab_40x40",
            "type": "RGB"
        },
        {
            "id": "{812c184c-fa3c-4d58-bedc-87926a7695f2}",
            "name": "PNG_GFX_mplab_100x100",
            "type": "RGB"
        },
        {
            "id": "{d4eb6b34-bc38-48f9-90d7-7997f0c12e75}",
            "name": "JPG_GFX_mchp_40x40",
            "type": "RGB"
        },
        {
            "id": "{d200a3f0-cbd7-4522-a95f-f8d7e850743d}",
            "name": "JPG_GFX_mchp_100x100",
            "type": "RGB"
        },
        {
            "id": "{b161954b-190c-4e45-8eb3-794136b1037d}",
            "name": "JPG_GFX_mchp_200x200",
            "type": "RGB"
        },
        {
            "id": "{45e140e2-ace5-4724-acec-f4bb51ccfb0c}",
            "name": "JPG_GFX_mchp_480x270",
            "type": "RGB"
        },
        {
            "id": "{61e4b1bf-4147-441d-99ee-5c99d27c25f6}",
            "name": "JPG_GFX_mplab_40x40",
            "type": "RGB"
        },
        {
            "id": "{6e371477-bd3f-4aac-b49e-94031743370e}",
            "name": "JPG_GFX_mplab_100x100",
            "type": "RGB"
        },
        {
            "id": "{8dd9e615-2d0d-4ecf-b8ad-37cf4aeee87f}",
            "name": "JPG_GFX_mplab_200x200",
            "type": "RGB"
        },
        {
            "id": "{195a538f-9c11-4a64-8254-859a6469c498}",
            "name": "JPG_GFX_mplab_480x270",
            "type": "RGB"
        }
    ],
    "paths": [
    ]
}
