{
    "bindings": [
    ],
    "defaultLanguage": "{f02b010d-f855-47c3-9266-c17cbfd000a8}",
    "encoding": "ASCII",
    "languages": [
        {
            "properties": {
                "__categories": [
                ],
                "__groups": [
                ],
                "enabled": {
                    "enabled": true,
                    "type": "boolean",
                    "value": true,
                    "visible": true
                },
                "id": {
                    "enabled": true,
                    "type": "uuid",
                    "value": "{f02b010d-f855-47c3-9266-c17cbfd000a8}",
                    "visible": true
                },
                "name": {
                    "enabled": true,
                    "type": "text",
                    "value": "default",
                    "visible": true
                }
            }
        }
    ],
    "paths": [
    ],
    "strings": [
    ]
}
